id,date,User_Id,Meal_Id,Type
1,2013-04-25 23:31:38.721382,1,3,bought
2,2013-04-26 00:06:18.924936,1,4,bought
3,2013-04-26 02:48:36.904326,1,1,bought
4,2013-04-26 04:26:52.346819,1,4,bought
5,2013-04-26 12:42:17.659342,1,7,bought
6,2013-04-26 13:38:55.106506,1,8,bought
7,2013-04-26 15:17:01.661646,1,1,bought
8,2013-04-26 17:47:32.132839,1,6,bought
9,2013-04-26 20:00:22.179188,1,7,bought
10,2013-04-27 06:45:25.418791,3,6,share
11,2013-04-27 07:17:08.253926,1,9,bought
12,2013-04-27 07:29:33.311944,2,11,share
13,2013-04-27 07:51:29.890843,3,10,share
14,2013-04-27 08:59:00.370616,1,2,bought
15,2013-04-27 16:21:41.378468,1,9,bought
16,2013-04-27 18:52:11.824159,3,9,share
17,2013-04-27 19:50:56.345499,1,3,bought
18,2013-04-27 21:07:49.094729,1,1,bought
19,2013-04-27 22:00:31.776855,3,11,share
20,2013-04-27 23:03:38.371398,3,6,share
21,2013-04-28 11:34:33.886060,3,1,share
22,2013-04-30 00:35:49.259556,2,10,share
23,2013-04-30 02:00:24.675577,2,3,share
24,2013-04-30 04:40:26.439636,9,23,share
25,2013-04-30 08:54:51.218458,12,25,share
26,2013-04-30 15:10:02.034714,13,22,like
27,2013-04-30 16:37:48.456966,12,20,share
28,2013-04-30 18:47:15.958192,16,2,bought
29,2013-04-30 20:24:45.753283,9,2,share
30,2013-04-30 22:02:00.394729,2,13,share
31,2013-04-30 23:29:31.046796,2,14,share
32,2013-05-01 04:10:02.989107,19,14,share
33,2013-05-01 07:31:18.530869,7,23,share
34,2013-05-01 10:28:30.621270,5,3,share
35,2013-05-01 13:33:32.091381,11,23,share
36,2013-05-01 18:18:01.716262,20,17,bought
37,2013-05-01 20:01:31.864582,23,28,share
38,2013-05-02 01:05:14.389640,6,30,nothing
39,2013-05-02 19:54:50.797292,23,27,share
40,2013-05-02 21:01:15.660855,20,30,bought
41,2013-05-02 23:42:47.172545,14,11,nothing
42,2013-05-03 08:44:41.935123,13,42,like
43,2013-05-03 13:46:54.929961,29,6,share
44,2013-05-03 15:14:54.949589,19,10,share
45,2013-05-03 16:35:01.193974,12,51,share
46,2013-05-04 02:04:56.654814,31,34,like
47,2013-05-04 07:34:24.373693,25,14,nothing
48,2013-05-04 11:15:23.357755,34,3,like
49,2013-05-04 22:40:43.765425,4,7,bought
50,2013-05-05 02:09:16.181467,31,13,like
51,2013-05-05 02:34:54.894480,2,52,share
52,2013-05-05 15:12:53.092554,30,24,nothing
53,2013-05-05 22:27:10.360081,25,34,nothing
54,2013-05-05 23:14:57.187894,18,10,like
55,2013-05-06 06:37:27.682174,45,42,like
56,2013-05-06 11:51:26.189275,4,9,bought
57,2013-05-06 15:00:20.136143,1,25,bought
58,2013-05-06 16:42:59.256636,38,58,nothing
59,2013-05-07 16:23:23.310579,48,14,bought
60,2013-05-07 21:07:02.569880,31,64,like
61,2013-05-08 01:51:19.511265,53,59,share
62,2013-05-08 14:27:22.685199,54,29,nothing
63,2013-05-09 07:56:57.567759,59,44,share
64,2013-05-09 08:52:05.065801,39,6,like
65,2013-05-09 17:00:11.334741,3,14,share
66,2013-05-09 18:43:55.260941,27,18,bought
67,2013-05-09 23:28:50.578603,64,55,bought
68,2013-05-10 00:12:41.416382,19,59,share
69,2013-05-10 00:58:29.885693,5,46,share
70,2013-05-10 03:59:10.608080,48,57,bought
71,2013-05-10 07:41:49.700371,3,34,share
72,2013-05-10 13:53:32.381503,36,62,nothing
73,2013-05-10 18:35:39.475658,13,69,like
74,2013-05-10 21:42:30.091446,32,2,nothing
75,2013-05-10 22:09:49.964206,1,70,bought
76,2013-05-10 22:22:10.204332,16,70,bought
77,2013-05-11 02:58:03.875406,26,12,like
78,2013-05-11 07:47:06.997210,52,4,like
79,2013-05-11 09:49:07.274390,56,44,like
80,2013-05-11 10:11:39.661512,51,10,like
81,2013-05-11 19:46:31.314045,65,9,bought
82,2013-05-11 19:52:52.709968,30,65,nothing
83,2013-05-12 01:42:01.896975,21,37,share
84,2013-05-12 02:14:38.459510,55,35,nothing
85,2013-05-12 06:15:41.766428,41,39,nothing
86,2013-05-12 06:46:43.871144,24,27,nothing
87,2013-05-12 11:56:49.609639,14,21,nothing
88,2013-05-12 12:12:03.571687,59,69,share
89,2013-05-12 17:49:53.750042,3,5,share
90,2013-05-12 20:50:09.891431,36,50,nothing
91,2013-05-13 04:53:45.252220,62,93,share
92,2013-05-13 05:12:33.717854,65,91,bought
93,2013-05-13 05:50:59.834593,7,17,share
94,2013-05-13 06:14:15.736133,65,29,bought
95,2013-05-13 06:38:33.492540,19,3,share
96,2013-05-13 16:40:28.015115,2,2,share
97,2013-05-13 16:53:44.600497,64,90,bought
98,2013-05-13 21:19:46.014505,46,90,share
99,2013-05-13 21:42:05.815216,26,56,like
100,2013-05-14 07:28:24.114657,65,8,bought
101,2013-05-14 09:29:53.820447,70,21,like
102,2013-05-14 13:43:12.466954,34,15,like
103,2013-05-15 01:51:07.183430,60,49,share
104,2013-05-15 04:09:17.292816,23,91,share
105,2013-05-15 15:27:14.866693,60,8,share
106,2013-05-15 19:42:51.961722,56,6,like
107,2013-05-15 22:48:13.192281,21,55,share
108,2013-05-16 03:37:41.959022,15,13,like
109,2013-05-16 07:03:29.304534,47,42,bought
110,2013-05-16 10:45:17.158454,24,70,nothing
111,2013-05-16 14:00:08.121564,35,84,bought
112,2013-05-16 14:00:48.902350,3,37,share
113,2013-05-16 14:04:53.856815,12,7,share
114,2013-05-16 14:59:05.682320,52,8,like
115,2013-05-16 16:03:56.577347,46,41,share
116,2013-05-16 16:20:37.368244,4,1,bought
117,2013-05-16 17:29:56.494870,8,44,bought
118,2013-05-17 00:15:46.521656,90,7,nothing
119,2013-05-17 00:31:03.814670,47,22,bought
120,2013-05-17 06:13:52.696513,26,8,like
121,2013-05-17 11:41:12.943517,76,6,share
122,2013-05-17 18:48:11.170361,22,79,bought
123,2013-05-19 19:11:39.314782,114,99,bought
124,2013-05-19 23:31:01.293441,18,68,like
125,2013-05-20 08:03:17.552119,77,98,like
126,2013-05-20 16:05:02.605064,2,53,share
127,2013-05-20 17:18:42.233409,66,93,bought
128,2013-05-20 21:05:04.026853,93,117,nothing
129,2013-05-21 02:30:14.274726,37,99,share
130,2013-05-21 05:20:12.484622,113,108,like
131,2013-05-21 07:10:32.783643,48,125,bought
132,2013-05-21 09:05:53.315141,79,60,nothing
133,2013-05-21 15:25:37.962399,102,76,bought
134,2013-05-22 00:37:20.596824,2,103,share
135,2013-05-22 06:44:06.088149,84,88,bought
136,2013-05-22 10:54:15.747644,80,37,bought
137,2013-05-22 12:00:25.954556,65,76,bought
138,2013-05-22 12:06:25.875385,119,57,nothing
139,2013-05-22 20:21:04.146982,91,107,bought
140,2013-05-23 15:38:00.898479,81,104,bought
141,2013-05-23 18:22:18.197182,29,59,share
142,2013-05-24 00:01:42.074071,7,2,share
143,2013-05-24 09:36:15.709473,26,110,like
144,2013-05-24 14:21:25.606184,96,11,nothing
145,2013-05-24 15:00:23.755591,9,86,share
146,2013-05-24 16:17:23.073686,58,64,nothing
147,2013-05-24 20:30:00.412153,113,92,like
148,2013-05-24 22:12:24.999298,86,28,bought
149,2013-05-25 00:17:18.763981,64,61,bought
150,2013-05-25 01:51:24.224869,115,75,nothing
151,2013-05-25 02:55:18.383843,70,80,like
152,2013-05-25 06:27:30.274009,68,100,share
153,2013-05-25 11:55:16.471528,55,62,nothing
154,2013-05-25 13:59:10.473384,61,20,like
155,2013-05-25 23:20:03.194806,49,26,nothing
156,2013-05-26 01:10:26.270667,61,101,like
157,2013-05-26 02:37:11.826435,135,149,nothing
158,2013-05-26 04:46:41.951364,73,114,like
159,2013-05-26 08:04:55.512352,59,62,share
160,2013-05-26 09:22:43.255001,64,17,bought
161,2013-05-26 13:50:11.705142,71,140,bought
162,2013-05-26 17:05:51.474253,58,128,nothing
163,2013-05-26 21:50:47.179539,115,96,nothing
164,2013-05-27 05:07:01.676871,155,35,like
165,2013-05-27 06:43:24.437461,133,105,bought
166,2013-05-28 19:19:32.683231,136,172,share
167,2013-05-28 23:02:44.559087,40,57,nothing
168,2013-05-29 02:49:18.686471,80,12,bought
169,2013-05-29 09:14:13.456247,145,111,nothing
170,2013-05-29 09:45:46.358283,63,63,bought
171,2013-05-29 12:00:23.048310,69,63,like
172,2013-05-29 12:24:12.163239,162,157,nothing
173,2013-05-29 12:57:29.810026,89,73,like
174,2013-05-29 13:08:27.654235,15,28,like
175,2013-05-29 14:19:51.116061,99,98,share
176,2013-05-29 15:44:07.293185,45,38,like
177,2013-05-30 11:38:44.239625,153,80,nothing
178,2013-05-31 06:07:31.532357,44,57,like
179,2013-05-31 07:27:16.558486,77,80,like
180,2013-05-31 09:06:58.538716,121,91,like
181,2013-05-31 19:35:28.109944,166,41,nothing
182,2013-06-02 05:19:26.034275,86,33,bought
183,2013-06-02 11:23:03.153172,20,129,bought
184,2013-06-02 16:18:03.050871,143,102,bought
185,2013-06-02 19:08:12.589286,110,177,share
186,2013-06-03 06:36:36.946890,73,37,like
187,2013-06-03 09:37:02.267121,21,17,share
188,2013-06-03 12:04:53.658022,124,115,like
189,2013-06-03 12:57:29.479631,88,89,nothing
190,2013-06-03 17:59:33.473538,144,77,nothing
191,2013-06-03 19:39:39.403507,52,188,like
192,2013-06-04 04:59:57.402973,54,213,nothing
193,2013-06-04 06:00:49.488058,83,4,bought
194,2013-06-04 14:39:14.111108,9,89,share
195,2013-06-04 15:40:53.196314,74,47,share
196,2013-06-05 01:32:33.817820,108,95,bought
197,2013-06-05 08:43:09.994309,40,191,nothing
198,2013-06-05 09:12:54.235385,104,124,bought
199,2013-06-05 12:32:14.618705,173,174,nothing
200,2013-06-05 13:42:55.215530,76,230,share
201,2013-06-05 16:11:55.117420,31,176,like
202,2013-06-05 18:48:23.557977,71,83,bought
203,2013-06-06 22:46:20.902932,204,91,nothing
204,2013-06-06 22:57:16.806017,89,93,like
205,2013-06-07 06:51:22.705377,168,10,nothing
206,2013-06-07 09:45:51.416284,119,211,nothing
207,2013-06-07 14:41:45.494137,123,213,bought
208,2013-06-07 15:24:42.787045,75,103,nothing
209,2013-06-07 22:22:25.770969,34,28,like
210,2013-06-08 01:50:48.341785,214,238,nothing
211,2013-06-08 03:31:18.883358,66,133,bought
212,2013-06-08 04:40:19.801414,10,4,share
213,2013-06-08 06:08:32.728531,41,103,nothing
214,2013-06-08 07:24:57.255137,175,186,share
215,2013-06-08 08:41:14.308770,60,24,share
216,2013-06-08 14:37:44.944080,49,20,nothing
217,2013-06-08 17:09:52.594008,147,112,like
218,2013-06-08 17:46:49.702367,46,53,share
219,2013-06-08 22:53:05.041905,106,17,bought
220,2013-06-09 00:13:48.426580,228,72,share
221,2013-06-09 01:41:34.747755,24,216,nothing
222,2013-06-09 06:41:21.987730,94,183,like
223,2013-06-09 08:04:47.899081,1,30,bought
224,2013-06-09 10:07:47.542177,81,100,bought
225,2013-06-09 10:38:20.153110,123,184,bought
226,2013-06-09 14:40:55.758244,83,52,bought
227,2013-06-09 15:18:00.683447,227,213,like
228,2013-06-10 00:28:54.836966,221,45,bought
229,2013-06-10 00:37:05.326123,64,22,bought
230,2013-06-10 06:15:55.771781,31,218,like
231,2013-06-10 08:53:58.403647,5,20,share
232,2013-06-10 10:30:49.381462,215,85,like
233,2013-06-10 13:15:28.098955,128,227,nothing
234,2013-06-10 21:47:58.550342,59,44,share
235,2013-06-11 06:11:28.135014,141,196,share
236,2013-06-11 09:11:01.917252,108,205,bought
237,2013-06-11 14:30:07.944307,106,164,bought
238,2013-06-11 22:59:12.366908,197,99,share
239,2013-06-12 00:40:09.638519,97,269,share
240,2013-06-12 06:05:19.545532,45,200,like
241,2013-06-12 06:24:10.856175,61,24,like
242,2013-06-12 12:57:10.943751,167,50,share
243,2013-06-12 13:51:33.495909,92,31,nothing
244,2013-06-12 20:39:31.823640,37,16,share
245,2013-06-12 22:15:19.006518,211,47,like
246,2013-06-13 04:04:04.070720,111,65,bought
247,2013-06-13 04:35:51.241976,173,195,nothing
248,2013-06-13 06:11:03.518398,77,276,like
249,2013-06-13 10:17:10.060751,72,8,bought
250,2013-06-13 10:36:59.209578,34,149,like
251,2013-06-13 18:03:58.123610,182,250,nothing
252,2013-06-14 02:34:15.944954,3,13,share
253,2013-06-14 03:30:33.095020,158,195,like
254,2013-06-14 09:03:46.898846,143,84,bought
255,2013-06-14 09:03:55.900652,100,85,like
256,2013-06-14 10:46:50.329321,67,19,bought
257,2013-06-14 14:54:56.591703,36,261,nothing
258,2013-06-14 15:27:48.777911,239,58,bought
259,2013-06-15 00:06:47.860463,36,186,nothing
260,2013-06-15 01:58:37.497720,5,194,share
261,2013-06-15 02:54:48.311016,213,258,bought
262,2013-06-15 05:36:18.481924,89,172,like
263,2013-06-15 06:52:20.066891,241,11,bought
264,2013-06-15 09:15:51.137141,51,169,like
265,2013-06-15 10:04:53.068370,104,169,bought
266,2013-06-15 10:36:51.905778,112,1,share
267,2013-06-15 10:59:27.528730,222,58,like
268,2013-06-16 06:07:36.634193,46,121,share
269,2013-06-16 22:23:31.169439,248,152,share
270,2013-06-17 02:54:54.063227,177,283,nothing
271,2013-06-17 12:34:08.637276,104,41,bought
272,2013-06-17 17:01:39.585608,204,270,nothing
273,2013-06-18 10:39:33.874165,157,211,like
274,2013-06-18 14:01:37.566978,72,78,bought
275,2013-06-18 21:13:50.164450,180,250,share
276,2013-06-18 22:41:19.194603,108,289,bought
277,2013-06-19 05:54:25.420303,260,85,nothing
278,2013-06-19 09:43:10.746001,238,202,like
279,2013-06-19 22:37:56.402116,274,177,bought
280,2013-06-20 02:45:30.803359,176,45,like
281,2013-06-20 06:59:19.948267,278,302,share
282,2013-06-20 08:27:56.160252,87,240,nothing
283,2013-06-20 09:28:25.044177,54,197,nothing
284,2013-06-20 09:40:38.855484,44,256,like
285,2013-06-20 12:34:07.915404,31,175,like
286,2013-06-20 14:08:59.469618,272,36,like
287,2013-06-20 21:44:40.500988,258,157,share
288,2013-06-20 22:29:31.324930,62,247,share
289,2013-06-21 04:22:05.899367,11,9,share
290,2013-06-21 07:17:22.789380,125,315,nothing
291,2013-06-21 11:07:09.809003,179,121,share
292,2013-06-21 11:58:53.566232,247,154,like
293,2013-06-21 13:52:16.171886,21,220,share
294,2013-06-21 14:46:47.586074,40,19,nothing
295,2013-06-22 00:03:41.664813,245,186,nothing
296,2013-06-22 03:49:11.629786,262,99,share
297,2013-06-22 03:53:08.372425,212,200,bought
298,2013-06-22 08:26:17.797672,141,73,share
299,2013-06-22 09:08:23.308665,13,22,like
300,2013-06-22 11:34:36.789466,217,222,share
301,2013-06-22 12:37:17.971336,121,173,like
302,2013-06-22 13:38:40.031141,91,264,bought
303,2013-06-22 23:05:14.983963,199,271,share
304,2013-06-23 02:37:51.063216,103,85,like
305,2013-06-23 02:45:35.738281,86,175,bought
306,2013-06-23 04:17:58.957326,100,332,like
307,2013-06-23 08:16:12.632885,35,83,bought
308,2013-06-23 17:49:06.922506,206,138,nothing
309,2013-06-23 18:41:33.550692,311,264,nothing
310,2013-06-24 02:57:12.340485,138,55,bought
311,2013-06-24 03:17:52.111367,258,168,share
312,2013-06-24 09:56:35.411421,76,49,share
313,2013-06-24 19:11:07.494355,241,220,bought
314,2013-06-24 20:56:22.719911,97,5,share
315,2013-06-24 22:35:07.404289,179,310,share
316,2013-06-24 23:44:26.958679,241,193,bought
317,2013-06-25 11:29:21.876676,2,260,share
318,2013-06-25 11:35:22.982400,24,155,nothing
319,2013-06-25 23:51:55.073472,234,126,like
320,2013-06-26 02:04:15.064619,54,102,nothing
321,2013-06-26 05:12:57.389672,88,10,nothing
322,2013-06-26 09:06:33.929352,244,309,bought
323,2013-06-26 09:11:11.400602,65,346,bought
324,2013-06-26 16:09:13.980622,56,270,like
325,2013-06-26 17:06:42.001919,229,292,nothing
326,2013-06-26 22:37:20.108564,270,269,nothing
327,2013-06-27 05:13:55.625799,131,148,share
328,2013-06-27 09:19:26.196433,175,150,share
329,2013-06-27 12:27:54.550715,318,143,like
330,2013-06-27 12:58:14.116144,343,189,bought
331,2013-06-27 22:22:38.248506,274,45,bought
332,2013-06-28 03:23:09.077089,60,116,share
333,2013-06-28 06:58:36.157021,337,308,share
334,2013-06-29 03:07:28.836982,267,313,like
335,2013-06-29 04:37:26.962997,114,162,bought
336,2013-06-29 06:25:11.907349,313,245,bought
337,2013-06-29 12:59:47.553918,277,318,like
338,2013-06-29 16:18:41.651335,59,31,share
339,2013-06-29 16:36:25.026539,339,17,nothing
340,2013-06-29 17:00:30.807436,167,156,share
341,2013-06-29 20:30:25.167962,22,356,bought
342,2013-06-30 05:43:20.524287,292,44,bought
343,2013-06-30 12:02:39.033315,89,210,like
344,2013-06-30 14:09:33.927589,169,215,share
345,2013-06-30 16:50:08.931976,123,35,bought
346,2013-06-30 21:35:13.343712,221,85,bought
347,2013-07-01 23:58:32.489641,266,189,like
348,2013-07-02 09:43:22.524749,140,226,bought
349,2013-07-03 13:58:08.800473,120,355,like
350,2013-07-05 03:23:26.094533,133,137,bought
351,2013-07-05 03:59:35.395045,60,323,share
352,2013-07-05 05:59:01.109566,10,193,share
353,2013-07-05 16:42:28.389700,277,224,like
354,2013-07-05 20:07:17.416875,48,85,bought
355,2013-07-05 21:06:49.103680,191,80,like
356,2013-07-05 23:39:24.153552,140,161,bought
357,2013-07-05 23:53:29.435879,248,28,share
358,2013-07-06 06:06:45.087321,223,197,bought
359,2013-07-06 07:27:29.801586,94,109,like
360,2013-07-06 09:41:46.353005,236,78,bought
361,2013-07-06 13:55:04.628780,36,192,nothing
362,2013-07-07 01:04:24.791271,328,267,share
363,2013-07-07 03:06:01.026529,255,78,bought
364,2013-07-07 11:00:47.185569,201,30,share
365,2013-07-07 14:29:00.889440,28,223,share
366,2013-07-07 21:31:11.449765,40,229,nothing
367,2013-07-08 02:27:49.958945,347,83,nothing
368,2013-07-08 08:06:46.367425,167,411,share
369,2013-07-08 09:21:09.232761,193,295,nothing
370,2013-07-08 09:47:16.995970,103,114,like
371,2013-07-08 11:19:30.336412,237,337,like
372,2013-07-08 12:17:56.732318,156,218,bought
373,2013-07-08 14:25:41.248622,1,203,bought
374,2013-07-08 14:52:31.697072,159,259,share
375,2013-07-08 15:05:20.707060,301,354,bought
376,2013-07-08 20:19:15.822176,316,205,nothing
377,2013-07-09 22:50:35.566373,127,243,like
378,2013-07-10 10:57:32.382501,344,376,share
379,2013-07-10 11:11:54.472632,373,308,bought
380,2013-07-10 11:13:08.109773,83,128,bought
381,2013-07-10 11:40:08.952088,42,329,like
382,2013-07-10 20:15:27.201556,226,303,like
383,2013-07-11 04:50:40.435491,64,125,bought
384,2013-07-11 06:13:09.472926,55,240,nothing
385,2013-07-11 10:36:17.969436,25,198,nothing
386,2013-07-11 13:45:41.163203,383,100,bought
387,2013-07-11 13:57:55.838084,52,274,like
388,2013-07-11 16:08:26.466125,339,308,nothing
389,2013-07-11 18:10:01.556481,395,224,like
390,2013-07-11 20:39:37.584716,366,47,bought
391,2013-07-11 21:56:05.443941,163,431,share
392,2013-07-12 13:46:41.552375,25,291,nothing
393,2013-07-12 21:32:08.642263,61,73,like
394,2013-07-14 03:51:06.558216,312,289,bought
395,2013-07-14 03:53:46.779135,30,160,nothing
396,2013-07-14 06:36:46.624548,358,321,like
397,2013-07-14 14:24:09.424764,432,400,bought
398,2013-07-15 10:39:46.801750,345,207,share
399,2013-07-16 04:15:24.998375,432,425,bought
400,2013-07-16 11:39:36.342730,32,314,nothing
401,2013-07-16 14:14:10.189028,453,483,like
402,2013-07-16 14:36:20.356185,172,211,bought
403,2013-07-16 14:58:04.366168,363,291,nothing
404,2013-07-16 15:32:45.909883,10,410,share
405,2013-07-16 17:15:24.766849,146,424,share
406,2013-07-16 21:38:58.449485,138,396,bought
407,2013-07-17 11:01:06.888141,413,59,like
408,2013-07-17 11:01:51.084582,9,116,share
409,2013-07-17 13:32:13.671107,184,161,share
410,2013-07-17 15:19:41.851208,409,309,bought
411,2013-07-19 07:40:18.584487,419,199,share
412,2013-07-19 10:26:38.216795,315,395,nothing
413,2013-07-19 21:36:22.587542,474,470,like
414,2013-07-21 18:59:55.971426,153,424,nothing
415,2013-07-22 00:38:56.754267,354,311,like
416,2013-07-22 00:51:28.287411,41,336,nothing
417,2013-07-22 01:17:20.834445,352,490,nothing
418,2013-07-22 01:47:04.996127,107,273,share
419,2013-07-22 07:47:45.318271,61,201,like
420,2013-07-22 20:03:08.423084,405,98,like
421,2013-07-22 23:21:10.736013,151,537,bought
422,2013-07-23 00:36:52.661997,271,221,share
423,2013-07-23 08:42:10.208247,116,483,nothing
424,2013-07-23 10:12:57.000958,16,187,bought
425,2013-07-23 12:02:47.343134,96,126,nothing
426,2013-07-23 14:10:03.144113,134,84,share
427,2013-07-23 16:59:26.005379,326,382,share
428,2013-07-23 17:55:24.822854,102,31,bought
429,2013-07-23 21:03:50.224120,418,520,nothing
430,2013-07-23 22:49:22.227188,66,147,bought
431,2013-07-24 08:13:14.096430,481,251,nothing
432,2013-07-24 14:19:45.563278,37,2,share
433,2013-07-24 15:46:14.873554,392,129,nothing
434,2013-07-24 16:01:56.584226,465,91,like
435,2013-07-25 17:08:14.936719,469,342,share
436,2013-07-28 03:38:47.418006,278,541,share
437,2013-07-28 05:57:59.997305,248,6,share
438,2013-07-28 06:55:59.819480,109,34,nothing
439,2013-07-28 13:27:13.658668,174,218,like
440,2013-07-28 13:39:34.165783,50,516,share
441,2013-07-28 14:53:32.479735,440,301,nothing
442,2013-07-28 16:35:09.503113,156,131,bought
443,2013-07-28 21:11:09.701280,406,186,bought
444,2013-07-28 23:20:35.413232,167,80,share
445,2013-07-29 05:08:47.862147,465,331,like
446,2013-07-29 12:18:06.037475,269,87,share
447,2013-07-30 04:15:55.235380,107,164,share
448,2013-07-30 04:31:35.617031,428,512,like
449,2013-07-30 06:28:11.162169,276,477,bought
450,2013-07-30 06:48:27.788717,401,163,share
451,2013-07-30 11:23:21.269908,402,218,bought
452,2013-07-30 12:35:06.788666,1,24,bought
453,2013-07-30 13:26:20.148146,569,263,nothing
454,2013-07-30 14:02:20.465135,262,105,share
455,2013-07-30 15:55:17.093815,283,281,share
456,2013-07-31 17:11:04.041762,479,127,share
457,2013-07-31 17:32:57.239029,109,419,nothing
458,2013-07-31 22:56:25.881552,350,305,share
459,2013-08-01 09:37:18.045479,295,493,nothing
460,2013-08-01 10:53:48.996546,481,259,nothing
461,2013-08-01 23:42:47.974302,570,103,share
462,2013-08-02 04:44:28.030293,11,333,share
463,2013-08-02 06:41:03.745420,26,410,like
464,2013-08-02 11:51:41.937222,461,364,nothing
465,2013-08-03 06:03:39.331287,323,494,like
466,2013-08-03 06:30:35.697980,251,282,nothing
467,2013-08-03 18:10:56.558722,231,430,nothing
468,2013-08-03 19:08:36.998688,357,254,like
469,2013-08-03 23:58:51.568761,507,346,share
470,2013-08-04 02:55:52.921329,275,336,nothing
471,2013-08-04 05:17:23.391196,327,508,bought
472,2013-08-04 06:43:34.190515,381,434,nothing
473,2013-08-04 07:38:44.350140,32,127,nothing
474,2013-08-04 14:20:37.911235,564,503,like
475,2013-08-04 16:32:12.744218,513,402,bought
476,2013-08-04 21:00:57.043874,90,52,nothing
477,2013-08-04 22:37:08.585287,142,287,nothing
478,2013-08-05 01:07:35.628353,33,592,bought
479,2013-08-05 05:39:25.001937,298,44,share
480,2013-08-05 23:54:30.451323,499,253,like
481,2013-08-06 02:08:20.834536,411,318,like
482,2013-08-06 04:50:55.966578,164,603,share
483,2013-08-06 06:21:23.127485,172,156,bought
484,2013-08-06 08:39:17.494595,556,460,share
485,2013-08-06 11:47:09.347815,279,80,nothing
486,2013-08-06 17:14:31.298478,193,176,nothing
487,2013-08-06 18:42:14.406452,413,497,like
488,2013-08-07 01:42:58.064822,209,500,share
489,2013-08-07 05:16:36.953558,612,526,bought
490,2013-08-07 06:31:21.644933,427,325,nothing
491,2013-08-07 21:39:17.516078,147,83,like
492,2013-08-08 01:12:36.549974,448,478,bought
493,2013-08-08 02:50:17.425993,218,579,like
494,2013-08-08 10:29:15.621066,40,350,nothing
495,2013-08-08 18:39:16.487873,235,444,nothing
496,2013-08-08 20:13:55.550570,294,588,bought
497,2013-08-08 23:21:07.553036,253,104,bought
498,2013-08-09 00:21:18.458418,133,78,bought
499,2013-08-09 06:33:51.742630,507,417,share
500,2013-08-09 12:57:10.802829,377,659,share
501,2013-08-09 14:10:11.412391,359,644,bought
502,2013-08-09 18:48:20.994817,435,116,like
503,2013-08-10 00:19:11.878046,107,646,share
504,2013-08-10 05:20:33.941026,191,116,like
505,2013-08-10 07:31:13.827598,527,47,like
506,2013-08-10 09:14:53.068217,504,259,share
507,2013-08-10 12:59:13.311452,549,605,bought
508,2013-08-10 13:38:27.080402,457,659,bought
509,2013-08-10 14:58:12.234968,294,559,bought
510,2013-08-10 15:22:46.856319,425,36,share
511,2013-08-10 15:34:33.615387,208,148,nothing
512,2013-08-11 01:44:29.697887,277,205,like
513,2013-08-11 01:52:19.644212,611,654,share
514,2013-08-11 02:34:26.560146,195,85,like
515,2013-08-11 20:51:02.418558,622,193,nothing
516,2013-08-12 08:11:04.545479,20,141,bought
517,2013-08-12 08:52:26.299847,218,192,like
518,2013-08-12 09:04:17.953134,84,166,bought
519,2013-08-12 12:23:40.705911,531,246,bought
520,2013-08-12 18:05:00.519659,198,520,like
521,2013-08-13 23:00:59.115624,573,525,like
522,2013-08-14 02:16:34.170984,237,585,like
523,2013-08-14 08:24:27.617536,542,154,share
524,2013-08-14 13:54:41.982494,354,689,like
525,2013-08-14 14:29:36.243970,288,477,like
526,2013-08-14 21:38:07.899330,212,602,bought
527,2013-08-15 21:27:57.722886,600,124,share
528,2013-08-16 00:16:20.580146,109,653,nothing
529,2013-08-16 00:46:21.042315,256,37,share
530,2013-08-16 00:58:44.709442,158,98,like
531,2013-08-16 08:07:16.878131,155,22,like
532,2013-08-16 09:09:41.978450,308,471,share
533,2013-08-16 13:38:49.166847,340,591,like
534,2013-08-16 13:51:57.758985,385,63,bought
535,2013-08-16 19:59:35.698388,650,405,share
536,2013-08-17 23:35:42.675877,103,87,like
537,2013-08-18 03:47:56.447518,662,672,nothing
538,2013-08-18 09:31:00.639622,681,619,share
539,2013-08-18 09:31:52.182117,57,565,share
540,2013-08-18 13:01:06.511237,492,245,bought
541,2013-08-18 13:24:52.958008,512,172,nothing
542,2013-08-18 16:14:56.055457,28,376,share
543,2013-08-18 20:55:02.593806,53,114,share
544,2013-08-18 21:20:58.732055,31,291,like
545,2013-08-18 22:53:08.291354,488,594,nothing
546,2013-08-19 02:45:06.322341,248,441,share
547,2013-08-19 15:31:20.663813,445,190,share
548,2013-08-19 19:33:53.475983,201,151,share
549,2013-08-19 19:37:35.229689,535,751,like
550,2013-08-19 19:53:21.750141,545,276,share
551,2013-08-19 19:54:57.141776,712,183,share
552,2013-08-20 01:50:22.018537,60,561,share
553,2013-08-20 03:10:59.602357,468,438,share
554,2013-08-20 06:51:08.682560,279,609,nothing
555,2013-08-20 08:05:28.142466,113,571,like
556,2013-08-20 13:50:52.691659,155,194,like
557,2013-08-20 22:18:03.964020,305,587,like
558,2013-08-20 22:29:42.947129,85,340,nothing
559,2013-08-21 01:03:57.124812,599,723,nothing
560,2013-08-21 06:58:35.666326,623,386,bought
561,2013-08-21 07:30:10.403178,445,167,share
562,2013-08-21 12:26:25.856006,77,295,like
563,2013-08-21 12:36:00.428097,267,748,like
564,2013-08-21 22:13:33.834637,20,429,bought
565,2013-08-22 00:36:05.703414,149,64,share
566,2013-08-22 02:33:56.430631,744,517,bought
567,2013-08-22 06:24:45.773263,740,177,like
568,2013-08-22 07:55:01.895421,583,534,share
569,2013-08-22 09:34:13.043033,37,253,share
570,2013-08-22 10:05:48.473188,234,647,like
571,2013-08-22 10:07:06.976488,162,739,nothing
572,2013-08-22 19:41:01.215774,552,43,bought
573,2013-08-22 21:23:57.260622,178,523,like
574,2013-08-22 21:33:01.139688,428,678,like
575,2013-08-23 04:18:25.795344,661,478,like
576,2013-08-23 04:43:48.479049,670,493,nothing
577,2013-08-23 06:23:43.247086,225,599,bought
578,2013-08-23 14:07:36.756035,600,70,share
579,2013-08-23 15:21:00.521901,139,346,bought
580,2013-08-23 17:38:11.844344,191,53,like
581,2013-08-23 19:10:46.874117,532,1,like
582,2013-08-23 21:32:47.292009,546,174,share
583,2013-08-23 22:28:51.825294,588,570,bought
584,2013-08-23 23:50:28.435872,643,196,nothing
585,2013-08-24 01:33:23.487914,134,620,share
586,2013-08-24 11:45:48.413476,71,477,bought
587,2013-08-24 16:07:08.309767,200,253,bought
588,2013-08-24 17:36:35.601532,310,475,bought
589,2013-08-24 20:28:15.519797,699,660,like
590,2013-08-24 21:12:13.184375,693,369,share
591,2013-08-24 22:19:08.938383,92,171,nothing
592,2013-08-24 22:31:58.601465,452,589,nothing
593,2013-08-25 02:27:58.857104,38,746,nothing
594,2013-08-25 05:02:41.189319,484,586,bought
595,2013-08-26 23:18:33.312985,627,154,like
596,2013-08-27 01:05:17.080430,359,671,bought
597,2013-08-27 04:06:14.884218,198,407,like
598,2013-08-27 04:27:36.262828,369,42,nothing
599,2013-08-27 05:14:48.222917,306,545,like
600,2013-08-27 16:24:54.621989,85,730,nothing
601,2013-08-27 21:29:29.276596,701,608,nothing
602,2013-08-27 21:54:44.955812,159,50,share
603,2013-08-28 02:32:55.271251,442,69,nothing
604,2013-08-28 10:52:38.615554,619,478,like
605,2013-08-28 14:05:47.676126,698,493,nothing
606,2013-08-28 16:06:48.253620,327,3,bought
607,2013-08-29 05:52:53.802976,772,273,share
608,2013-08-29 07:28:12.144908,166,47,nothing
609,2013-08-29 19:44:36.491071,774,278,share
610,2013-08-29 22:14:01.581634,160,114,bought
611,2013-08-29 23:09:07.340571,88,473,nothing
612,2013-08-30 01:23:10.098355,775,343,like
613,2013-08-30 05:22:19.106830,787,503,nothing
614,2013-08-30 08:19:08.508812,70,368,like
615,2013-08-30 09:27:36.145349,752,5,like
616,2013-08-30 09:45:31.440154,705,304,share
617,2013-08-30 11:26:03.985357,589,800,bought
618,2013-08-30 12:25:19.965787,107,198,share
619,2013-08-30 16:37:47.575970,592,503,like
620,2013-08-30 17:53:40.222417,606,314,bought
621,2013-08-31 03:30:33.744425,228,723,share
622,2013-09-01 06:41:23.205643,323,360,like
623,2013-09-01 07:00:11.913931,251,574,nothing
624,2013-09-01 08:06:11.660352,303,146,nothing
625,2013-09-01 12:10:30.158234,633,576,nothing
626,2013-09-01 20:15:17.660974,408,526,bought
627,2013-09-01 20:40:26.280740,89,591,like
628,2013-09-01 22:15:07.099384,310,88,bought
629,2013-09-01 23:38:59.839200,478,43,bought
630,2013-09-01 23:47:13.858871,767,72,share
631,2013-09-02 01:10:44.229942,788,839,like
632,2013-09-02 06:56:40.992196,648,525,like
633,2013-09-02 16:08:21.124994,662,115,nothing
634,2013-09-02 18:42:37.793060,279,768,nothing
635,2013-09-02 23:15:34.089779,693,364,share
636,2013-09-03 10:45:55.357951,134,733,share
637,2013-09-03 10:50:18.978793,616,740,bought
638,2013-09-03 21:14:27.470246,818,349,bought
639,2013-09-03 22:29:50.259570,97,600,share
640,2013-09-05 01:27:35.478918,533,484,nothing
641,2013-09-05 18:41:50.919567,41,399,nothing
642,2013-09-05 22:29:03.573013,73,656,like
643,2013-09-06 08:28:30.078029,487,386,share
644,2013-09-06 20:52:56.527844,252,755,like
645,2013-09-06 23:01:23.684951,460,511,share
646,2013-09-07 02:37:29.971024,147,717,like
647,2013-09-07 05:20:15.149782,538,422,bought
648,2013-09-07 09:51:18.677556,384,694,nothing
649,2013-09-07 11:38:20.093990,272,624,like
650,2013-09-07 16:20:25.013385,303,9,nothing
651,2013-09-07 18:12:13.863869,642,582,nothing
652,2013-09-07 19:31:54.946094,132,450,like
653,2013-09-07 20:50:48.671458,172,842,bought
654,2013-09-07 21:05:51.757365,74,164,share
655,2013-09-08 01:12:53.972594,840,349,share
656,2013-09-08 02:43:36.388203,717,130,share
657,2013-09-08 11:37:01.868352,247,272,like
658,2013-09-08 19:55:22.464613,236,781,bought
659,2013-09-08 20:25:34.443367,795,95,like
660,2013-09-08 20:35:10.877808,482,419,bought
661,2013-09-09 02:05:38.037831,179,508,share
662,2013-09-09 05:07:59.461075,321,228,share
663,2013-09-09 05:13:23.214317,217,817,share
664,2013-09-09 05:34:02.606801,865,9,bought
665,2013-09-09 12:58:03.904121,864,2,bought
666,2013-09-10 01:17:05.632522,174,195,like
667,2013-09-10 04:50:10.612645,116,675,nothing
668,2013-09-10 05:40:50.545673,44,908,like
669,2013-09-10 06:09:34.282198,303,382,nothing
670,2013-09-11 12:42:02.997930,411,192,like
671,2013-09-11 21:49:18.157080,522,410,like
672,2013-09-12 07:44:54.286627,216,190,share
673,2013-09-12 09:34:44.094906,406,717,bought
674,2013-09-12 12:32:41.635076,330,236,like
675,2013-09-12 14:53:27.426440,494,287,share
676,2013-09-12 15:22:09.491639,546,76,share
677,2013-09-12 18:02:25.978559,266,216,like
678,2013-09-12 20:17:43.425989,200,855,bought
679,2013-09-13 03:52:27.594300,548,40,bought
680,2013-09-13 08:41:40.528593,928,201,like
681,2013-09-13 09:53:45.267660,66,422,bought
682,2013-09-13 12:20:19.727584,335,163,like
683,2013-09-13 16:52:36.890719,272,818,like
684,2013-09-13 18:00:59.713945,923,883,like
685,2013-09-13 18:45:34.605203,427,696,nothing
686,2013-09-13 19:29:24.835476,898,912,like
687,2013-09-13 20:26:19.270282,579,326,share
688,2013-09-13 21:37:46.338994,886,943,share
689,2013-09-13 23:38:41.247225,801,530,nothing
690,2013-09-14 00:45:46.889416,803,28,share
691,2013-09-14 02:12:19.682324,603,882,bought
692,2013-09-14 05:03:55.797137,751,10,nothing
693,2013-09-14 07:17:58.974296,528,789,bought
694,2013-09-14 18:10:20.750996,264,956,like
695,2013-09-16 03:36:42.072991,249,761,like
696,2013-09-16 08:46:21.413793,828,983,share
697,2013-09-16 10:30:05.090743,306,96,like
698,2013-09-16 19:39:20.470768,410,284,bought
699,2013-09-17 00:53:23.476677,802,545,nothing
700,2013-09-17 08:40:21.420239,650,177,share
701,2013-09-17 10:30:58.538301,691,949,share
702,2013-09-17 10:56:54.920464,593,147,nothing
703,2013-09-17 16:41:32.470828,218,179,like
704,2013-09-17 22:49:16.523779,568,140,nothing
705,2013-09-18 18:21:57.029789,272,144,like
706,2013-09-19 19:57:38.063497,825,232,share
707,2013-09-20 15:53:00.731960,926,479,bought
708,2013-09-20 16:13:34.707015,782,811,nothing
709,2013-09-20 17:05:06.865941,689,817,share
710,2013-09-20 18:56:12.962519,953,1036,nothing
711,2013-09-20 22:02:04.042469,850,744,share
712,2013-09-21 07:12:38.393190,813,880,nothing
713,2013-09-21 12:01:00.436975,559,441,share
714,2013-09-21 15:35:44.773247,134,690,share
715,2013-09-21 18:36:00.390014,938,572,like
716,2013-09-21 19:54:19.784648,913,854,share
717,2013-09-22 04:32:36.490328,525,538,share
718,2013-09-22 05:13:14.169817,614,942,share
719,2013-09-22 05:54:13.586523,391,155,share
720,2013-09-22 08:05:19.460998,329,311,bought
721,2013-09-22 15:50:10.961798,278,687,share
722,2013-09-22 21:52:36.012520,684,792,nothing
723,2013-09-23 11:23:47.688683,787,9,nothing
724,2013-09-23 11:44:53.461491,781,625,bought
725,2013-09-24 00:24:55.759045,846,795,bought
726,2013-09-24 01:22:17.284472,118,977,nothing
727,2013-09-24 01:30:46.689439,568,384,nothing
728,2013-09-24 02:38:25.557756,254,156,share
729,2013-09-24 05:45:10.594821,771,327,bought
730,2013-09-24 10:43:41.374918,847,120,share
731,2013-09-24 12:29:32.577473,527,337,like
732,2013-09-24 14:18:53.475594,973,381,nothing
733,2013-09-24 21:38:23.022977,239,726,bought
734,2013-09-24 22:53:04.017201,1009,10,share
735,2013-09-24 23:12:43.337256,600,112,share
736,2013-09-25 00:15:41.622334,875,203,share
737,2013-09-25 07:28:05.780688,930,161,bought
738,2013-09-26 06:59:45.603510,1076,709,nothing
739,2013-09-26 08:03:43.346134,632,786,share
740,2013-09-26 17:04:47.972879,1104,1011,like
741,2013-09-26 18:56:52.390545,127,41,like
742,2013-09-27 04:15:24.238195,442,521,nothing
743,2013-09-27 07:17:00.254377,964,512,like
744,2013-09-27 07:34:15.059421,32,428,nothing
745,2013-09-27 09:46:33.637419,587,1,nothing
746,2013-09-27 14:03:59.089144,410,1102,bought
747,2013-09-27 14:26:55.790414,445,194,share
748,2013-09-27 16:10:57.094620,675,311,like
749,2013-09-27 16:40:26.016304,183,739,share
750,2013-09-27 18:47:20.013639,188,123,like
751,2013-09-28 16:26:30.090519,330,237,like
752,2013-09-28 22:36:39.580078,671,379,nothing
753,2013-09-28 23:54:06.030544,137,82,nothing
754,2013-09-29 01:54:06.197566,587,712,nothing
755,2013-09-29 02:03:44.054391,16,1073,bought
756,2013-09-29 06:05:31.246103,951,337,nothing
757,2013-09-29 07:10:32.003285,791,1016,share
758,2013-09-29 11:51:49.949950,829,751,nothing
759,2013-09-29 15:03:03.404128,106,756,bought
760,2013-09-29 18:44:58.316685,479,1034,share
761,2013-09-29 21:20:23.975435,14,338,nothing
762,2013-09-30 00:29:47.389162,757,389,nothing
763,2013-09-30 01:40:29.646399,999,77,share
764,2013-09-30 05:19:42.395941,111,14,bought
765,2013-09-30 06:20:52.791072,641,31,nothing
766,2013-09-30 07:44:09.199814,268,486,bought
767,2013-09-30 09:39:04.583074,273,887,share
768,2013-09-30 09:47:40.035629,294,888,bought
769,2013-09-30 13:22:37.238968,488,79,nothing
770,2013-09-30 23:19:30.931856,1053,189,nothing
771,2013-09-30 23:53:05.365581,951,971,nothing
772,2013-10-01 03:33:59.710063,50,629,share
773,2013-10-01 08:27:38.320706,728,686,bought
774,2013-10-01 09:52:03.737461,135,879,nothing
775,2013-10-01 14:23:59.396780,901,19,nothing
776,2013-10-01 14:35:27.978033,357,139,like
777,2013-10-01 15:35:46.383676,237,851,like
778,2013-10-01 15:38:18.017654,554,153,nothing
779,2013-10-01 19:25:07.221744,275,696,nothing
780,2013-10-02 02:00:13.702731,251,995,nothing
781,2013-10-02 03:21:49.053098,826,801,nothing
782,2013-10-02 07:53:04.631399,109,198,nothing
783,2013-10-02 23:50:01.222478,1162,456,nothing
784,2013-10-03 03:28:36.948607,483,1079,like
785,2013-10-03 05:45:08.052649,1180,928,share
786,2013-10-03 09:19:00.446432,959,1012,share
787,2013-10-03 11:31:41.283535,941,384,nothing
788,2013-10-03 13:50:15.894328,862,1033,share
789,2013-10-04 05:02:35.307982,549,539,bought
790,2013-10-04 07:59:38.831744,573,661,like
791,2013-10-05 00:04:32.842771,644,147,bought
792,2013-10-05 00:37:41.618917,871,824,share
793,2013-10-05 16:41:29.256961,1102,1151,bought
794,2013-10-05 20:28:49.164695,988,1099,share
795,2013-10-05 22:58:10.513035,1188,101,nothing
796,2013-10-06 03:04:54.728828,1161,1106,nothing
797,2013-10-06 05:17:09.951661,517,886,like
798,2013-10-06 10:51:10.340968,1189,377,nothing
799,2013-10-06 12:43:09.454336,840,81,share
800,2013-10-06 14:13:58.257797,720,466,bought
801,2013-10-06 16:57:15.221667,866,1092,nothing
802,2013-10-06 17:03:43.997261,1012,826,like
803,2013-10-06 23:35:06.375775,43,996,share
804,2013-10-07 01:55:13.475101,340,893,like
805,2013-10-07 05:06:33.156822,612,1167,bought
806,2013-10-07 11:20:00.325980,267,416,like
807,2013-10-07 15:38:33.286311,325,531,nothing
808,2013-10-08 02:47:26.619584,1032,226,bought
809,2013-10-08 03:21:55.145096,743,961,like
810,2013-10-08 07:11:07.649868,148,594,bought
811,2013-10-08 18:35:22.227980,855,920,bought
812,2013-10-09 00:26:22.656293,876,188,bought
813,2013-10-09 17:11:29.774254,460,340,share
814,2013-10-09 17:30:41.325791,1227,350,bought
815,2013-10-09 18:31:49.133245,1089,730,nothing
816,2013-10-10 03:35:58.163410,825,901,share
817,2013-10-10 09:02:39.119293,491,732,share
818,2013-10-10 11:27:30.389960,963,503,bought
819,2013-10-10 21:51:59.625277,962,73,like
820,2013-10-11 14:37:13.366296,619,1048,like
821,2013-10-11 20:08:56.985328,653,276,share
822,2013-10-11 21:03:15.296084,752,94,like
823,2013-10-12 06:10:43.145663,1120,889,bought
824,2013-10-12 07:34:40.992515,258,426,share
825,2013-10-12 15:43:04.590542,142,547,nothing
826,2013-10-13 01:04:53.272974,684,243,nothing
827,2013-10-13 01:43:34.116123,1059,792,nothing
828,2013-10-13 04:23:54.843828,556,403,share
829,2013-10-13 04:37:25.471632,1072,170,bought
830,2013-10-13 11:50:35.574913,101,379,bought
831,2013-10-13 11:51:08.947948,125,342,nothing
832,2013-10-14 01:56:31.256006,436,16,nothing
833,2013-10-14 02:29:14.138094,1096,216,nothing
834,2013-10-14 03:01:20.944845,120,709,like
835,2013-10-14 04:24:51.784949,1038,924,bought
836,2013-10-14 08:06:26.550191,930,751,bought
837,2013-10-14 08:27:05.917726,644,55,bought
838,2013-10-14 19:02:18.487960,1031,146,nothing
839,2013-10-15 06:23:32.894733,1261,777,share
840,2013-10-15 11:58:36.249176,523,217,nothing
841,2013-10-15 13:01:46.358785,929,398,nothing
842,2013-10-15 17:40:24.073186,198,247,like
843,2013-10-15 18:06:26.082494,1139,795,like
844,2013-10-15 19:22:38.655079,667,799,share
845,2013-10-16 00:41:39.253368,153,730,nothing
846,2013-10-16 02:28:14.496471,1192,1188,share
847,2013-10-16 04:19:42.656991,574,1142,bought
848,2013-10-16 05:56:19.088444,618,951,nothing
849,2013-10-16 10:13:00.456600,359,709,bought
850,2013-10-16 12:16:27.739958,330,838,like
851,2013-10-16 13:43:21.549339,1248,644,like
852,2013-10-16 16:09:46.584195,1101,563,like
853,2013-10-16 17:20:59.329034,1238,526,nothing
854,2013-10-16 19:07:57.785768,1070,115,nothing
855,2013-10-17 12:11:52.550222,804,755,nothing
856,2013-10-17 23:19:33.461632,1132,250,share
857,2013-10-18 09:56:39.038113,676,79,like
858,2013-10-19 20:33:37.875120,600,1256,share
859,2013-10-19 20:38:17.547154,142,568,nothing
860,2013-10-20 03:58:02.122718,558,185,share
861,2013-10-20 10:15:11.549627,448,183,bought
862,2013-10-20 11:36:39.055878,335,560,like
863,2013-10-20 12:11:04.071738,981,1188,nothing
864,2013-10-20 16:51:47.777366,110,1236,share
865,2013-10-21 03:05:59.082153,1151,1112,like
866,2013-10-21 06:25:42.600530,877,418,share
867,2013-10-22 02:48:51.193442,1331,650,share
868,2013-10-22 07:07:19.625318,33,738,bought
869,2013-10-22 07:41:29.483370,207,181,like
870,2013-10-22 15:11:43.132963,1351,638,nothing
871,2013-10-22 17:25:09.972811,742,1081,bought
872,2013-10-22 17:37:47.329436,528,63,bought
873,2013-10-22 20:38:36.259971,1257,675,share
874,2013-10-22 22:25:18.917771,1319,1116,like
875,2013-10-24 05:13:23.018571,1185,598,share
876,2013-10-24 08:45:31.916531,126,193,like
877,2013-10-24 09:07:33.233493,127,332,like
878,2013-10-24 11:43:53.369316,1299,1270,like
879,2013-10-25 06:31:14.982592,380,460,like
880,2013-10-26 07:11:30.716489,1231,772,bought
881,2013-10-26 10:44:08.794018,807,1085,bought
882,2013-10-26 12:28:29.635750,631,103,like
883,2013-10-26 14:10:54.769799,238,1306,like
884,2013-10-26 18:42:17.510109,244,1095,bought
885,2013-10-26 19:21:13.763899,1368,756,nothing
886,2013-10-26 19:32:27.309996,186,77,nothing
887,2013-10-27 03:14:28.915614,383,1269,bought
888,2013-10-27 04:56:40.311236,652,911,bought
889,2013-10-27 05:09:18.302234,1378,809,nothing
890,2013-10-27 06:15:24.007618,108,256,bought
891,2013-10-27 07:08:55.612474,22,968,bought
892,2013-10-27 14:15:23.499616,726,853,bought
893,2013-10-27 14:43:52.714212,1091,943,share
894,2013-10-27 16:29:28.983898,759,295,nothing
895,2013-10-27 22:25:31.510364,580,773,nothing
896,2013-10-28 00:39:43.227696,354,41,like
897,2013-10-28 01:22:22.428986,1211,1308,nothing
898,2013-10-28 05:28:54.619526,466,1179,like
899,2013-10-28 05:40:13.949584,851,297,nothing
900,2013-10-28 07:14:42.825960,72,578,bought
901,2013-10-28 10:56:23.235065,1424,717,share
902,2013-10-28 13:53:46.256779,208,91,nothing
903,2013-10-28 19:42:11.029227,177,941,nothing
904,2013-10-29 10:53:28.620613,564,1364,like
905,2013-10-29 23:31:37.219166,785,1123,like
906,2013-10-30 09:10:19.030439,704,508,bought
907,2013-10-30 17:12:41.215553,1002,802,nothing
908,2013-10-30 17:57:34.164465,702,372,bought
909,2013-10-30 18:27:18.484869,266,1050,like
910,2013-10-30 18:35:58.893246,1071,417,share
911,2013-10-30 19:01:52.012504,1289,562,like
912,2013-10-30 21:39:02.289609,565,598,like
913,2013-10-30 21:53:34.919152,172,679,bought
914,2013-10-30 22:17:35.659052,461,6,nothing
915,2013-10-30 23:41:42.223852,1407,1005,bought
916,2013-10-31 08:46:25.994926,191,148,like
917,2013-10-31 11:41:36.206400,1075,1038,like
918,2013-10-31 12:26:23.610929,38,764,nothing
919,2013-10-31 13:49:03.736055,260,778,nothing
920,2013-10-31 21:40:05.175214,93,526,nothing
921,2013-11-01 02:39:14.997081,1242,1128,share
922,2013-11-01 08:38:55.891352,1146,902,like
923,2013-11-01 09:18:16.884260,1086,752,share
924,2013-11-01 17:42:35.852961,285,59,nothing
925,2013-11-01 18:26:02.248635,507,974,share
926,2013-11-01 23:54:41.835704,1419,1342,nothing
927,2013-11-02 03:56:35.908239,1496,1335,like
928,2013-11-02 06:09:24.943944,398,535,nothing
929,2013-11-02 07:09:49.336172,678,1272,like
930,2013-11-02 11:53:54.393464,1137,676,share
931,2013-11-02 13:29:21.873463,1567,1406,share
932,2013-11-02 17:42:47.634112,220,701,like
933,2013-11-02 18:26:16.285630,633,1321,nothing
934,2013-11-02 19:59:54.148437,1086,1474,share
935,2013-11-02 21:01:06.626964,604,1345,nothing
936,2013-11-03 05:41:20.464687,976,777,share
937,2013-11-03 11:01:47.220908,963,97,bought
938,2013-11-03 11:12:28.272106,850,1445,share
939,2013-11-03 21:24:47.669936,1370,374,nothing
940,2013-11-03 23:58:35.154861,653,870,share
941,2013-11-04 00:40:32.929235,594,117,nothing
942,2013-11-04 01:46:59.966444,63,1059,bought
943,2013-11-04 03:14:59.801182,202,1391,bought
944,2013-11-04 04:08:39.617118,1129,368,bought
945,2013-11-04 05:30:08.248675,1112,901,share
946,2013-11-04 12:54:25.884118,1411,363,bought
947,2013-11-04 13:03:30.855443,17,466,nothing
948,2013-11-04 13:50:36.701471,1519,735,share
949,2013-11-04 20:52:11.779936,1412,529,share
950,2013-11-04 21:33:58.199664,1599,1018,bought
951,2013-11-04 22:44:33.299193,1604,522,nothing
952,2013-11-04 23:35:34.021385,310,402,bought
953,2013-11-05 10:27:28.889013,338,279,share
954,2013-11-05 14:48:49.119067,306,275,like
955,2013-11-05 16:50:30.745659,731,555,share
956,2013-11-05 20:07:39.223464,1061,628,nothing
957,2013-11-06 04:31:05.853573,1401,1422,share
958,2013-11-06 09:55:40.303082,1231,323,bought
959,2013-11-06 12:09:20.026725,779,761,like
960,2013-11-06 17:29:05.699796,350,182,share
961,2013-11-07 04:18:27.190151,801,1247,nothing
962,2013-11-07 05:49:10.120377,723,1315,bought
963,2013-11-07 07:21:34.771793,1064,289,bought
964,2013-11-07 11:38:56.588423,545,1145,share
965,2013-11-07 13:31:37.159589,1579,755,nothing
966,2013-11-07 19:22:15.050338,594,733,nothing
967,2013-11-07 23:46:12.868609,652,1114,bought
968,2013-11-08 06:20:46.065502,803,36,share
969,2013-11-08 11:07:25.637592,1394,1086,nothing
970,2013-11-08 11:14:45.466510,285,247,nothing
971,2013-11-08 13:10:12.649640,50,870,share
972,2013-11-08 15:40:56.721388,1344,957,nothing
973,2013-11-08 16:03:17.601534,174,1143,like
974,2013-11-08 16:29:51.936198,1186,126,bought
975,2013-11-08 16:33:09.919331,13,1067,like
976,2013-11-10 03:40:48.395645,84,1555,bought
977,2013-11-10 04:30:04.320151,190,737,share
978,2013-11-10 05:15:46.358733,518,1335,share
979,2013-11-10 06:07:20.604639,1435,1114,bought
980,2013-11-10 06:21:41.760944,1118,1405,share
981,2013-11-10 13:28:39.568326,940,773,like
982,2013-11-10 14:07:59.683117,925,1360,bought
983,2013-11-10 18:24:04.766925,406,651,bought
984,2013-11-10 20:34:10.300253,1583,76,nothing
985,2013-11-12 08:11:03.984126,1382,91,share
986,2013-11-12 12:18:21.849355,1054,1377,like
987,2013-11-12 18:08:52.381246,1439,1154,bought
988,2013-11-12 19:54:02.098998,182,619,nothing
989,2013-11-13 01:10:35.947366,1200,534,nothing
990,2013-11-13 01:20:00.787569,1285,1463,share
991,2013-11-13 01:33:14.361495,1555,1242,nothing
992,2013-11-13 03:48:04.944458,35,783,bought
993,2013-11-13 10:04:28.791209,1711,1420,nothing
994,2013-11-13 10:26:57.543279,1272,1461,bought
995,2013-11-13 15:01:43.032602,1562,13,like
996,2013-11-13 16:13:38.991233,1177,324,share
997,2013-11-13 20:34:15.950026,1057,298,share
998,2013-11-13 23:35:40.549473,1220,320,like
999,2013-11-14 04:37:48.699861,980,577,nothing
1000,2013-11-14 07:18:48.624586,1041,317,share
1001,2013-11-14 10:27:40.353308,1075,679,like
1002,2013-11-14 17:45:22.657276,96,1077,nothing
1003,2013-11-14 20:39:25.162948,1690,1143,like
1004,2013-11-14 23:35:29.167238,1146,1016,like
1005,2013-11-15 00:10:24.563661,1480,822,bought
1006,2013-11-15 02:29:08.466545,689,689,share
1007,2013-11-15 04:36:45.695781,175,349,share
1008,2013-11-15 06:10:32.030571,581,590,bought
1009,2013-11-15 09:31:41.064224,112,1377,share
1010,2013-11-15 13:34:06.728680,395,1383,like
1011,2013-11-15 15:03:01.451275,1131,369,bought
1012,2013-11-17 04:33:09.486630,1302,396,share
1013,2013-11-17 06:22:36.869400,1220,175,like
1014,2013-11-17 07:07:56.706186,1652,802,like
1015,2013-11-17 09:07:44.670741,1031,179,nothing
1016,2013-11-17 10:42:15.622131,293,996,bought
1017,2013-11-17 13:53:21.703675,622,1446,nothing
1018,2013-11-17 13:56:03.487441,364,903,nothing
1019,2013-11-17 14:37:43.213966,1123,648,like
1020,2013-11-17 17:10:44.870258,1421,681,share
1021,2013-11-17 17:31:26.736297,506,352,nothing
1022,2013-11-17 18:29:14.935237,246,1570,like
1023,2013-11-18 01:53:01.220344,17,1678,nothing
1024,2013-11-18 05:36:37.329980,222,492,like
1025,2013-11-18 16:23:53.275254,418,32,nothing
1026,2013-11-18 22:24:57.640387,929,366,nothing
1027,2013-11-18 22:31:01.488086,1280,638,share
1028,2013-11-18 22:56:16.528376,918,712,nothing
1029,2013-11-18 23:20:25.998885,270,780,nothing
1030,2013-11-19 01:36:26.841040,1304,1450,like
1031,2013-11-19 06:38:40.721718,1657,1173,nothing
1032,2013-11-19 07:11:25.511884,210,295,nothing
1033,2013-11-19 07:35:59.297548,1286,790,nothing
1034,2013-11-19 15:11:47.189160,720,1292,bought
1035,2013-11-19 15:18:19.738942,1550,1078,nothing
1036,2013-11-19 17:26:10.229585,951,1734,nothing
1037,2013-11-19 18:00:22.843374,20,444,bought
1038,2013-11-20 00:45:07.078395,284,648,bought
1039,2013-11-20 05:02:30.659763,1078,1522,like
1040,2013-11-20 10:20:13.806211,111,1129,bought
1041,2013-11-20 11:25:54.945154,1689,1632,nothing
1042,2013-11-20 12:45:28.796435,1638,1551,bought
1043,2013-11-20 15:19:12.181746,518,870,share
1044,2013-11-20 18:30:53.161750,19,466,share
1045,2013-11-20 21:31:59.761732,1728,167,bought
1046,2013-11-20 22:50:31.898075,1818,1394,nothing
1047,2013-11-21 12:50:18.256908,65,407,bought
1048,2013-11-21 16:08:57.087207,938,667,like
1049,2013-11-21 16:40:26.726700,447,69,bought
1050,2013-11-21 20:04:38.569854,710,1123,bought
1051,2013-11-21 22:23:59.740231,171,1108,like
1052,2013-11-22 03:47:19.361822,204,623,nothing
1053,2013-11-22 04:44:49.476569,1347,1015,bought
1054,2013-11-22 05:44:42.739691,171,1706,like
1055,2013-11-22 07:38:25.113947,836,1123,bought
1056,2013-11-22 14:57:34.525718,1379,818,like
1057,2013-11-22 18:56:03.182596,409,548,bought
1058,2013-11-22 19:40:35.071689,1333,425,bought
1059,2013-11-22 20:08:44.220408,991,1304,like
1060,2013-11-22 21:54:36.273081,1586,1767,nothing
1061,2013-11-23 01:11:25.207412,449,1364,bought
1062,2013-11-23 12:37:00.970832,677,327,nothing
1063,2013-11-23 22:17:41.624182,571,746,like
1064,2013-11-25 03:33:29.662148,672,265,bought
1065,2013-11-25 06:58:03.301076,995,1443,bought
1066,2013-11-25 09:17:43.941628,649,344,share
1067,2013-11-25 16:38:09.250618,1255,235,nothing
1068,2013-11-27 07:26:49.087328,1403,1195,bought
1069,2013-11-27 08:16:34.471650,1194,1242,nothing
1070,2013-11-27 09:36:13.035215,1652,68,like
1071,2013-11-27 12:56:20.034105,1719,1306,share
1072,2013-11-27 16:19:09.658481,1428,876,share
1073,2013-11-28 22:21:10.054290,46,1203,share
1074,2013-11-29 04:28:06.692888,294,1230,bought
1075,2013-11-29 05:00:29.336526,442,1480,nothing
1076,2013-11-29 08:22:57.140568,1193,1039,nothing
1077,2013-11-29 13:32:00.691837,854,1873,bought
1078,2013-11-29 15:36:16.374564,184,1088,share
1079,2013-11-29 19:21:13.203422,458,1124,share
1080,2013-11-30 02:35:29.151654,1639,1429,share
1081,2013-11-30 10:21:15.107935,1039,762,bought
1082,2013-11-30 21:39:39.076157,271,1165,share
1083,2013-12-01 05:44:43.848957,1470,1580,nothing
1084,2013-12-01 12:11:00.523393,1212,1647,nothing
1085,2013-12-01 18:58:03.473119,1482,131,nothing
1086,2013-12-01 23:53:58.661619,1407,1425,bought
1087,2013-12-02 01:19:07.423217,1630,1258,bought
1088,2013-12-02 01:55:09.597683,251,368,nothing
1089,2013-12-02 02:28:37.886306,1188,1805,nothing
1090,2013-12-02 03:36:55.761967,276,1168,bought
1091,2013-12-02 07:53:27.835278,1411,264,bought
1092,2013-12-02 10:53:47.741545,1425,1495,share
1093,2013-12-02 11:05:08.028733,1242,1043,share
1094,2013-12-02 13:59:43.485557,1313,1427,bought
1095,2013-12-02 18:10:27.042190,285,344,nothing
1096,2013-12-02 22:11:29.079358,1901,7,like
1097,2013-12-03 03:34:08.117588,35,1799,bought
1098,2013-12-03 03:37:23.022289,1120,343,bought
1099,2013-12-03 03:55:43.092272,1531,303,bought
1100,2013-12-03 04:58:28.473453,830,1327,nothing
1101,2013-12-03 05:51:06.356627,1646,40,share
1102,2013-12-03 06:22:01.244724,648,448,like
1103,2013-12-03 07:59:43.476426,1793,1566,like
1104,2013-12-03 08:41:45.812964,1913,1348,share
1105,2013-12-03 12:32:56.886124,1846,541,share
1106,2013-12-03 13:32:33.512492,1795,476,share
1107,2013-12-03 16:52:33.712481,640,737,bought
1108,2013-12-05 03:04:52.739485,163,156,share
1109,2013-12-05 10:54:22.490889,513,327,bought
1110,2013-12-05 13:11:31.952514,1345,1437,bought
1111,2013-12-05 13:18:06.236801,627,1200,like
1112,2013-12-05 20:07:49.808281,1578,861,bought
1113,2013-12-05 23:12:07.764369,737,493,nothing
1114,2013-12-05 23:24:02.696602,1885,151,nothing
1115,2013-12-06 00:24:42.236496,949,465,like
1116,2013-12-06 03:40:59.915306,924,1624,share
1117,2013-12-06 04:55:12.135657,253,1741,bought
1118,2013-12-06 05:56:56.025941,760,809,bought
1119,2013-12-06 06:03:07.296040,1801,1492,bought
1120,2013-12-06 08:08:20.473248,1702,1719,bought
1121,2013-12-06 08:21:33.851842,1400,1916,nothing
1122,2013-12-06 10:04:52.550720,1027,794,like
1123,2013-12-06 10:11:34.469614,481,1157,nothing
1124,2013-12-06 18:34:53.139893,755,932,like
1125,2013-12-06 23:09:50.391575,966,1836,like
1126,2013-12-06 23:54:40.275917,760,1649,bought
1127,2013-12-07 05:29:02.511708,1308,1143,bought
1128,2013-12-07 11:13:44.580376,1402,106,like
1129,2013-12-07 15:57:09.245957,1327,305,bought
1130,2013-12-07 16:13:24.082808,1526,1447,share
1131,2013-12-07 19:24:16.567790,890,410,bought
1132,2013-12-08 00:44:22.340534,411,1376,like
1133,2013-12-08 02:34:38.544195,749,1929,like
1134,2013-12-08 03:54:06.101309,1986,1818,bought
1135,2013-12-08 06:39:36.642497,1207,1797,share
1136,2013-12-08 07:41:29.509409,1900,453,like
1137,2013-12-08 10:57:47.753104,1284,1735,like
1138,2013-12-08 11:08:50.880514,1996,810,nothing
1139,2013-12-08 11:57:35.715363,1820,766,share
1140,2013-12-08 15:04:00.322274,1521,1986,bought
1141,2013-12-08 16:03:30.079722,544,463,like
1142,2013-12-08 18:36:18.690965,969,87,bought
1143,2013-12-08 22:00:22.717961,817,630,bought
1144,2013-12-09 10:45:18.697735,286,859,like
1145,2013-12-09 10:47:16.734270,1052,283,bought
1146,2013-12-09 11:40:36.359006,2136,1712,bought
1147,2013-12-09 11:51:43.504458,240,1657,share
1148,2013-12-09 16:56:06.294058,1352,1688,bought
1149,2013-12-10 01:28:22.554924,1918,1742,bought
1150,2013-12-10 07:27:34.268997,1104,2015,like
1151,2013-12-10 10:16:05.514259,2096,1133,like
1152,2013-12-12 10:26:16.603238,663,1589,bought
1153,2013-12-12 18:38:32.113623,2049,1281,share
1154,2013-12-12 18:50:28.877524,217,397,share
1155,2013-12-12 20:47:35.887480,163,1532,share
1156,2013-12-12 22:46:26.768356,1513,1862,bought
1157,2013-12-13 16:52:08.784700,80,618,bought
1158,2013-12-13 18:25:52.155513,1713,590,share
1159,2013-12-13 18:41:50.556720,531,1427,bought
1160,2013-12-14 00:38:55.369064,1087,1077,share
1161,2013-12-14 03:24:19.243039,18,1598,like
1162,2013-12-14 03:26:36.705103,448,595,bought
1163,2013-12-14 03:28:34.255124,660,1318,nothing
1164,2013-12-14 12:17:19.874016,1795,334,share
1165,2013-12-14 18:42:34.071680,1881,1755,nothing
1166,2013-12-14 20:49:16.808950,810,506,like
1167,2013-12-14 21:39:02.122490,2093,1434,bought
1168,2013-12-14 22:06:08.579490,672,568,bought
1169,2013-12-14 22:35:24.403529,1122,990,share
1170,2013-12-14 22:37:01.912957,1936,1139,bought
1171,2013-12-14 23:28:57.701024,1310,59,share
1172,2013-12-15 06:22:39.888467,848,1528,share
1173,2013-12-15 07:44:04.369592,1261,2088,share
1174,2013-12-15 15:41:26.579588,676,185,like
1175,2013-12-15 16:15:24.286840,518,1209,share
1176,2013-12-15 22:16:35.901217,879,2004,bought
1177,2013-12-15 22:35:20.255463,1898,837,bought
1178,2013-12-16 21:36:17.521586,35,1366,bought
1179,2013-12-16 23:07:45.161598,406,2017,bought
1180,2013-12-17 00:15:03.395358,920,2099,bought
1181,2013-12-17 04:50:05.318168,575,874,bought
1182,2013-12-17 18:52:20.529572,671,1890,nothing
1183,2013-12-17 20:31:58.449800,2093,1251,bought
1184,2013-12-18 01:17:26.548625,1037,1002,share
1185,2013-12-18 10:20:58.373909,794,456,nothing
1186,2013-12-18 12:02:53.684159,2,2166,share
1187,2013-12-18 18:05:24.925061,852,506,bought
1188,2013-12-19 00:56:54.483827,1982,1033,bought
1189,2013-12-19 02:59:45.578504,591,1247,bought
1190,2013-12-19 06:37:23.331137,1248,2085,like
1191,2013-12-19 10:26:27.193795,307,345,nothing
1192,2013-12-19 12:55:24.591880,1400,749,nothing
1193,2013-12-19 13:14:02.023495,1757,1485,like
1194,2013-12-19 17:27:21.768357,1973,928,bought
1195,2013-12-20 02:41:45.301313,148,854,bought
1196,2013-12-20 04:38:33.001305,1051,749,like
1197,2013-12-20 05:42:19.951097,1904,1630,bought
1198,2013-12-20 10:00:41.955269,1767,414,like
1199,2013-12-20 12:20:07.763316,535,1765,like
1200,2013-12-20 21:54:39.699442,579,496,share
1201,2013-12-21 02:55:33.846008,633,2033,nothing
1202,2013-12-21 03:04:12.871327,1677,446,nothing
1203,2013-12-21 03:34:49.699217,1086,1894,share
1204,2013-12-21 05:51:49.033915,2105,973,nothing
1205,2013-12-21 08:28:03.637565,1708,817,like
1206,2013-12-21 09:42:32.583065,2045,681,like
1207,2013-12-21 13:55:18.982816,1794,1593,nothing
1208,2013-12-21 13:58:01.114302,1690,963,like
1209,2013-12-21 14:19:29.463041,1415,1717,like
1210,2013-12-22 00:39:34.031217,1806,50,share
1211,2013-12-22 01:37:20.439128,202,597,bought
1212,2013-12-22 07:46:17.213474,1021,358,like
1213,2013-12-22 11:24:27.268592,2210,131,like
1214,2013-12-22 12:27:42.695554,531,975,bought
1215,2013-12-22 20:35:42.943814,116,1023,nothing
1216,2013-12-23 01:36:05.014996,2190,1895,nothing
1217,2013-12-23 02:21:09.999815,1252,1608,like
1218,2013-12-23 06:18:41.203815,379,1175,nothing
1219,2013-12-23 06:41:17.094768,2355,563,bought
1220,2013-12-23 06:42:05.133918,1527,546,like
1221,2013-12-23 10:10:10.358350,764,79,like
1222,2013-12-23 13:38:50.884423,1364,711,bought
1223,2013-12-23 15:49:41.102090,1331,745,share
1224,2013-12-23 16:09:34.694392,1927,189,bought
1225,2013-12-23 16:19:23.534377,947,1982,nothing
1226,2013-12-23 16:46:51.399846,691,990,share
1227,2013-12-23 17:14:20.405110,254,416,share
1228,2013-12-24 12:08:39.733901,1359,1814,nothing
1229,2013-12-24 15:48:40.689412,864,2119,bought
1230,2013-12-24 21:29:20.911149,340,1196,like
1231,2013-12-24 22:46:47.119587,1074,1143,nothing
1232,2013-12-24 23:36:00.398015,184,770,share
1233,2013-12-25 01:38:29.943329,51,441,like
1234,2013-12-25 13:53:00.369199,427,1294,nothing
1235,2013-12-25 17:45:43.548225,338,590,share
1236,2013-12-25 18:28:01.325452,1781,1418,like
1237,2013-12-25 23:12:33.443804,512,441,nothing
1238,2013-12-26 01:59:46.468790,2232,1281,like
1239,2013-12-26 02:54:38.998720,80,1655,bought
1240,2013-12-26 05:22:11.284870,1971,2181,share
1241,2013-12-26 07:06:24.523140,515,1807,like
1242,2013-12-26 08:42:42.172435,1780,1323,nothing
1243,2013-12-26 10:46:25.701743,576,787,nothing
1244,2013-12-26 20:21:00.089693,2025,650,share
1245,2013-12-26 21:36:52.302367,2380,2257,like
1246,2013-12-26 21:47:38.288084,2445,2103,bought
1247,2013-12-26 21:54:40.616278,1871,675,share
1248,2013-12-26 23:10:40.438526,2330,1088,bought
1249,2013-12-27 03:45:02.484223,993,1130,bought
1250,2013-12-27 04:49:37.762493,289,2110,nothing
1251,2013-12-27 08:50:28.011127,2163,1453,bought
1252,2013-12-27 10:40:04.060305,1478,545,bought
1253,2013-12-27 11:07:24.503004,703,886,share
1254,2013-12-27 11:38:15.448987,225,349,bought
1255,2013-12-27 14:32:52.454333,786,782,share
1256,2013-12-27 15:22:11.320311,492,161,bought
1257,2013-12-27 17:02:17.248082,7,1665,share
1258,2013-12-27 22:56:11.360426,1117,1525,nothing
1259,2013-12-28 19:11:09.932937,456,2062,like
1260,2013-12-30 03:11:07.140868,1170,2257,nothing
1261,2013-12-30 10:29:30.946564,1053,1419,nothing
1262,2013-12-30 11:46:11.396233,1062,1152,like
1263,2013-12-30 13:49:58.705986,157,1492,like
1264,2013-12-30 14:22:41.725488,981,2082,nothing
1265,2013-12-30 14:33:56.798014,2325,291,share
1266,2013-12-30 21:11:52.536098,1598,1711,nothing
1267,2013-12-30 21:14:17.509540,1274,97,nothing
1268,2013-12-30 23:55:09.895510,324,1575,like
1269,2013-12-31 07:30:45.285276,549,2166,bought
1270,2013-12-31 09:53:14.097075,167,526,share
1271,2013-12-31 10:05:45.673981,929,1115,nothing
1272,2013-12-31 10:51:44.726677,663,592,bought
1273,2013-12-31 17:30:49.879672,1769,1594,share
1274,2013-12-31 19:13:04.356715,158,555,like
1275,2013-12-31 23:12:50.664008,1747,1998,nothing
1276,2014-01-01 02:14:24.683072,666,2353,like
1277,2014-01-01 11:38:40.935788,1929,1419,nothing
1278,2014-01-02 04:03:27.565248,1687,227,bought
1279,2014-01-02 07:59:54.022559,2380,1074,like
1280,2014-01-02 11:10:20.985841,1317,1818,nothing
1281,2014-01-02 20:43:27.526038,1516,891,nothing
1282,2014-01-02 20:58:04.770937,2113,1674,share
1283,2014-01-02 22:05:32.973477,1860,1916,bought
1284,2014-01-02 22:06:42.564665,1949,1126,like
1285,2014-01-03 07:29:40.713958,45,1385,like
1286,2014-01-03 10:24:36.066074,2390,641,share
1287,2014-01-03 10:26:31.444849,161,2339,bought
1288,2014-01-03 15:49:20.929446,1109,1305,share
1289,2014-01-04 04:42:32.693265,921,611,like
1290,2014-01-05 06:10:54.120292,456,2460,like
1291,2014-01-05 16:38:21.530906,2426,2243,share
1292,2014-01-05 17:54:13.982135,806,1194,nothing
1293,2014-01-06 01:06:30.785251,1043,2135,nothing
1294,2014-01-06 03:00:58.492361,235,414,nothing
1295,2014-01-06 05:57:11.734830,1982,1753,bought
1296,2014-01-06 09:31:16.834953,2565,2249,share
1297,2014-01-06 19:46:12.796373,1641,2060,share
1298,2014-01-07 01:52:35.574808,1638,811,bought
1299,2014-01-07 05:08:53.193670,2381,944,like
1300,2014-01-07 07:42:16.419144,1352,2356,bought
1301,2014-01-07 10:07:58.925828,1272,1964,bought
1302,2014-01-07 17:36:42.157898,1445,1494,like
1303,2014-01-08 06:16:44.614400,83,452,bought
1304,2014-01-08 11:13:48.484536,1692,1869,bought
1305,2014-01-08 17:26:43.912235,941,822,nothing
1306,2014-01-08 17:51:18.772765,548,2416,bought
1307,2014-01-09 02:23:51.638059,617,284,bought
1308,2014-01-09 04:14:33.704854,1479,2131,share
1309,2014-01-09 06:00:29.485017,96,474,nothing
1310,2014-01-09 08:50:48.945481,100,868,like
1311,2014-01-09 10:22:32.432649,2485,2288,share
1312,2014-01-09 16:45:38.291183,1361,1166,like
1313,2014-01-09 21:48:07.354613,2243,2498,nothing
1314,2014-01-10 19:29:17.408089,2264,1018,bought
1315,2014-01-10 19:41:30.151856,529,846,bought
1316,2014-01-10 21:17:27.413508,409,1601,bought
1317,2014-01-10 22:34:30.270794,1088,1771,like
1318,2014-01-11 00:09:34.258080,2122,1773,nothing
1319,2014-01-11 03:52:10.242315,1591,617,like
1320,2014-01-11 04:22:57.272860,2542,2017,nothing
1321,2014-01-11 09:53:39.466811,1436,1099,bought
1322,2014-01-11 11:41:04.958277,1448,1529,bought
1323,2014-01-11 13:34:59.261746,1538,1427,like
1324,2014-01-11 14:11:44.542890,2220,1254,nothing
1325,2014-01-11 15:35:29.195607,2437,126,share
1326,2014-01-11 17:29:44.664260,2541,704,share
1327,2014-01-11 19:21:27.915693,1033,161,nothing
1328,2014-01-11 21:56:01.090452,1900,491,like
1329,2014-01-11 23:49:06.512866,2581,2550,bought
1330,2014-01-12 01:04:33.167644,1129,2361,bought
1331,2014-01-12 04:39:04.626557,2082,1350,share
1332,2014-01-12 07:21:46.500195,1811,2071,share
1333,2014-01-12 08:28:22.746964,871,1698,share
1334,2014-01-12 14:47:45.863590,1254,2122,like
1335,2014-01-12 19:46:44.965974,2634,1473,like
1336,2014-01-12 22:11:03.835937,2002,1550,like
1337,2014-01-13 01:29:17.402613,1778,402,like
1338,2014-01-13 06:13:52.054847,1970,1899,nothing
1339,2014-01-13 06:29:44.458740,255,241,bought
1340,2014-01-13 07:38:57.852579,785,266,like
1341,2014-01-13 07:58:19.866828,805,207,share
1342,2014-01-13 09:49:37.453422,2528,712,like
1343,2014-01-13 13:11:28.241372,328,1362,share
1344,2014-01-13 14:47:23.483329,2356,2601,share
1345,2014-01-13 23:36:15.682491,1868,1001,nothing
1346,2014-01-14 01:12:33.009930,173,1634,nothing
1347,2014-01-14 03:17:47.111629,483,1861,like
1348,2014-01-14 10:01:25.825078,671,2161,nothing
1349,2014-01-14 10:33:10.850365,841,17,like
1350,2014-01-14 18:33:38.691619,2189,1892,share
1351,2014-01-14 21:24:22.850661,1424,2000,share
1352,2014-01-14 21:28:30.786922,1906,772,bought
1353,2014-01-14 22:20:50.644748,1883,1173,nothing
1354,2014-01-15 00:24:55.465022,2124,2044,like
1355,2014-01-15 04:29:38.913860,445,475,share
1356,2014-01-15 07:09:31.314324,1019,120,bought
1357,2014-01-15 07:50:08.463760,1099,1854,share
1358,2014-01-15 08:34:00.997423,2655,191,like
1359,2014-01-15 09:19:13.528154,2123,2026,bought
1360,2014-01-15 09:50:35.979968,938,858,like
1361,2014-01-15 10:56:33.051680,1077,925,nothing
1362,2014-01-15 13:18:42.166206,1643,2009,like
1363,2014-01-15 14:48:21.856969,269,2532,share
1364,2014-01-15 16:47:24.273941,2621,488,like
1365,2014-01-15 18:52:06.954364,2554,1014,share
1366,2014-01-16 04:50:16.899632,2468,1691,nothing
1367,2014-01-16 07:47:57.373774,25,2015,nothing
1368,2014-01-16 11:56:12.795769,2115,575,like
1369,2014-01-16 12:36:50.005646,1788,232,share
1370,2014-01-17 09:10:17.089987,1691,1260,share
1371,2014-01-17 19:12:56.160910,996,2557,nothing
1372,2014-01-18 02:02:51.015625,1473,1862,nothing
1373,2014-01-18 02:57:34.391966,987,2646,nothing
1374,2014-01-18 03:56:47.070045,956,1815,share
1375,2014-01-18 08:31:27.220689,2217,1384,nothing
1376,2014-01-18 13:19:56.165504,1307,1700,nothing
1377,2014-01-18 20:06:50.409870,2480,724,bought
1378,2014-01-18 21:25:25.056188,1654,2368,bought
1379,2014-01-19 23:17:00.803198,622,691,nothing
1380,2014-01-20 09:44:30.411271,118,1337,nothing
1381,2014-01-20 20:38:13.916522,762,2220,bought
1382,2014-01-20 22:25:54.734110,216,1688,share
1383,2014-01-21 01:13:06.592444,2233,1153,share
1384,2014-01-21 04:05:07.379618,1576,878,share
1385,2014-01-21 17:49:07.303886,2049,1198,share
1386,2014-01-22 13:24:01.503719,2748,2714,share
1387,2014-01-22 16:55:54.081033,1107,703,bought
1388,2014-01-24 03:46:43.220771,1345,2748,bought
1389,2014-01-25 04:00:50.351244,358,1053,like
1390,2014-01-25 05:44:14.411267,991,2499,like
1391,2014-01-25 07:41:22.176823,1245,2033,like
1392,2014-01-25 09:36:38.088027,2285,1335,bought
1393,2014-01-25 10:57:48.599215,748,885,nothing
1394,2014-01-25 13:14:46.369167,2205,899,like
1395,2014-01-25 15:10:45.144987,2374,1663,like
1396,2014-01-25 16:09:19.462106,559,2777,share
1397,2014-01-25 17:17:46.673592,2595,472,nothing
1398,2014-01-25 21:52:42.687683,2171,1224,bought
1399,2014-01-26 00:45:22.011494,2421,1544,share
1400,2014-01-26 06:18:19.015792,1241,2507,like
1401,2014-01-26 06:49:21.223388,794,2778,nothing
1402,2014-01-26 06:53:08.292605,2922,2046,like
1403,2014-01-26 07:32:12.499953,1576,1399,share
1404,2014-01-26 08:22:38.405599,904,1731,like
1405,2014-01-26 14:31:18.080567,2803,796,like
1406,2014-01-26 18:21:38.398535,100,323,like
1407,2014-01-26 19:10:29.992313,1078,915,like
1408,2014-01-26 19:59:39.777498,1347,2374,bought
1409,2014-01-26 21:27:30.384675,568,43,nothing
1410,2014-01-26 21:47:09.150594,2738,790,bought
1411,2014-01-27 04:15:21.572061,1843,583,nothing
1412,2014-01-27 04:45:29.906341,1557,2863,nothing
1413,2014-01-27 10:45:16.201536,1522,1804,share
1414,2014-01-27 15:38:01.225667,1475,1274,bought
1415,2014-01-27 15:49:58.357600,2712,2794,bought
1416,2014-01-27 15:53:25.342326,2448,1246,like
1417,2014-01-27 16:06:51.036732,2142,1859,nothing
1418,2014-01-27 18:51:18.400034,2288,867,nothing
1419,2014-01-27 20:02:07.889926,2847,1588,share
1420,2014-01-27 20:11:21.573619,647,2674,share
1421,2014-01-27 20:18:08.749862,2064,1130,share
1422,2014-01-28 16:36:18.283217,1300,184,share
1423,2014-01-28 19:58:31.060479,2301,800,nothing
1424,2014-01-31 00:02:32.038198,1797,1782,nothing
1425,2014-01-31 00:35:10.392157,1130,84,bought
1426,2014-01-31 00:46:17.300130,1711,1676,nothing
1427,2014-01-31 06:13:22.721797,2316,1524,share
1428,2014-01-31 14:19:46.309266,363,2590,nothing
1429,2014-01-31 17:32:25.771730,2846,1336,like
1430,2014-02-01 00:30:29.516950,1579,1633,nothing
1431,2014-02-01 07:51:14.285411,504,1085,share
1432,2014-02-01 09:18:20.890910,2601,1747,bought
1433,2014-02-01 12:01:20.930763,2436,738,bought
1434,2014-02-01 14:53:42.453518,2957,2304,nothing
1435,2014-02-01 15:56:44.289210,1197,1906,nothing
1436,2014-02-01 16:39:43.390925,50,1874,share
1437,2014-02-01 20:04:59.323690,1398,1649,nothing
1438,2014-02-01 21:21:39.740489,29,2459,share
1439,2014-02-01 21:26:18.812170,259,1616,nothing
1440,2014-02-02 00:04:04.334781,2147,1289,bought
1441,2014-02-02 00:11:15.939182,1796,434,like
1442,2014-02-02 00:55:26.947210,2171,256,bought
1443,2014-02-02 01:05:51.016807,2303,2580,nothing
1444,2014-02-02 01:09:48.297154,198,811,like
1445,2014-02-02 03:15:31.722062,1733,2828,share
1446,2014-02-02 06:55:51.599762,2795,1329,like
1447,2014-02-02 10:34:44.417948,2513,538,share
1448,2014-02-02 19:39:08.392971,564,761,like
1449,2014-02-03 05:04:53.938148,2716,1392,bought
1450,2014-02-03 06:26:49.358967,1945,1466,nothing
1451,2014-02-03 09:36:20.044630,599,1562,nothing
1452,2014-02-03 11:06:39.543454,4,3006,bought
1453,2014-02-03 14:05:07.783052,2413,2723,bought
1454,2014-02-03 15:24:15.750750,1920,1773,like
1455,2014-02-03 18:33:16.068637,1915,201,nothing
1456,2014-02-03 20:32:31.620614,730,2122,bought
1457,2014-02-03 23:40:13.755828,2996,482,bought
1458,2014-02-04 03:14:37.712439,2234,50,like
1459,2014-02-04 04:57:04.412505,1141,280,share
1460,2014-02-04 05:30:58.591418,2865,898,like
1461,2014-02-04 08:18:57.879557,3,1383,share
1462,2014-02-04 08:22:03.251005,804,424,nothing
1463,2014-02-04 08:59:25.652723,1594,1279,like
1464,2014-02-04 13:24:07.707738,1548,274,bought
1465,2014-02-04 17:03:22.022949,2455,2484,bought
1466,2014-02-04 21:46:35.240852,2672,1879,like
1467,2014-02-04 22:15:32.380905,2918,200,like
1468,2014-02-05 00:46:23.966316,2245,1175,share
1469,2014-02-06 03:10:52.119762,2470,174,bought
1470,2014-02-06 11:02:57.488197,335,162,like
1471,2014-02-06 12:42:21.675902,574,2931,bought
1472,2014-02-06 14:17:03.058215,2699,2923,like
1473,2014-02-06 16:17:20.195036,353,1204,bought
1474,2014-02-06 17:56:36.303954,3011,2767,share
1475,2014-02-06 22:07:40.117568,335,478,like
1476,2014-02-06 23:33:37.050405,2486,721,share
1477,2014-02-07 05:00:53.416185,402,2211,bought
1478,2014-02-07 11:25:07.168073,1445,2909,like
1479,2014-02-07 13:29:06.742801,2648,1997,bought
1480,2014-02-07 17:42:12.194226,2470,2677,bought
1481,2014-02-07 19:02:53.959628,2574,180,share
1482,2014-02-07 20:22:11.519466,2775,579,like
1483,2014-02-07 21:05:52.623272,1706,1906,nothing
1484,2014-02-07 21:50:23.786494,2787,2813,share
1485,2014-02-08 07:11:22.805044,2231,525,share
1486,2014-02-08 12:45:50.432326,3062,676,bought
1487,2014-02-08 15:10:32.204121,1747,918,nothing
1488,2014-02-08 18:41:08.057186,1461,442,bought
1489,2014-02-08 20:27:18.156082,281,2046,like
1490,2014-02-08 22:13:53.468668,2763,1043,share
1491,2014-02-09 00:01:17.530622,523,2424,nothing
1492,2014-02-09 02:20:50.543904,2733,1255,share
1493,2014-02-09 04:40:04.221954,2239,1722,bought
1494,2014-02-09 06:26:21.894843,2681,2912,nothing
1495,2014-02-09 10:00:02.841457,347,3004,nothing
1496,2014-02-09 10:54:50.605172,2860,1835,nothing
1497,2014-02-09 15:45:46.711605,2705,3063,like
1498,2014-02-09 15:50:02.403495,2544,2701,like
1499,2014-02-09 16:27:39.487849,2484,278,like
1500,2014-02-09 16:35:43.937970,854,36,bought
1501,2014-02-09 16:38:14.588787,1912,174,share
1502,2014-02-09 20:41:43.217340,2286,1975,share
1503,2014-02-09 23:27:58.458659,2257,1561,share
1504,2014-02-10 00:18:08.411438,3227,346,nothing
1505,2014-02-10 01:19:37.809096,1493,3154,like
1506,2014-02-10 06:20:37.954956,2693,2706,nothing
1507,2014-02-10 14:29:19.897341,38,2821,nothing
1508,2014-02-10 18:04:40.198216,2664,278,nothing
1509,2014-02-11 00:25:33.686798,230,1097,share
1510,2014-02-11 01:24:43.810487,923,1374,like
1511,2014-02-11 11:12:42.280775,508,1368,nothing
1512,2014-02-12 01:42:53.856129,957,2281,nothing
1513,2014-02-12 05:08:45.573297,3173,2471,like
1514,2014-02-12 10:00:36.543890,1833,2339,bought
1515,2014-02-12 10:03:28.756348,1016,2017,bought
1516,2014-02-12 12:57:44.944439,2431,3003,bought
1517,2014-02-12 18:40:02.995087,1406,1292,nothing
1518,2014-02-12 20:34:49.763683,1998,139,like
1519,2014-02-12 22:49:38.339050,86,905,bought
1520,2014-02-13 06:31:37.994103,1595,1159,like
1521,2014-02-13 09:57:04.692704,792,2353,share
1522,2014-02-13 12:44:38.563457,219,3171,nothing
1523,2014-02-13 17:07:34.210528,393,2932,like
1524,2014-02-13 21:42:23.334317,2603,722,like
1525,2014-02-13 22:58:30.421650,1026,528,nothing
1526,2014-02-14 00:54:00.689810,529,1028,bought
1527,2014-02-14 01:55:03.728792,2733,1678,share
1528,2014-02-14 03:33:50.179797,2830,753,nothing
1529,2014-02-14 08:41:56.437173,322,2642,share
1530,2014-02-14 12:10:59.693727,2554,3219,share
1531,2014-02-14 16:30:40.696115,69,2124,like
1532,2014-02-14 16:44:22.822020,3074,1039,nothing
1533,2014-02-14 17:35:49.386333,1029,782,bought
1534,2014-02-14 18:45:34.292273,1714,1522,nothing
1535,2014-02-14 21:39:05.543595,138,2739,bought
1536,2014-02-16 02:49:36.529528,1014,1332,bought
1537,2014-02-16 03:33:27.275262,669,2678,bought
1538,2014-02-16 04:36:44.125165,2352,965,share
1539,2014-02-16 05:59:49.224421,1138,1266,like
1540,2014-02-16 11:26:04.928671,847,727,share
1541,2014-02-16 11:31:43.855397,3059,1778,bought
1542,2014-02-16 11:41:00.505834,1126,698,like
1543,2014-02-16 13:50:16.271154,2039,2810,bought
1544,2014-02-16 17:10:07.816416,2487,1488,share
1545,2014-02-16 17:41:51.135060,149,1031,share
1546,2014-02-16 21:36:17.287547,437,539,bought
1547,2014-02-16 22:08:54.642286,2781,2633,like
1548,2014-02-17 03:18:12.738567,2149,1096,nothing
1549,2014-02-18 00:24:58.804924,2324,3382,like
1550,2014-02-18 03:51:21.337452,880,1464,bought
1551,2014-02-18 08:40:00.187511,2008,3154,share
1552,2014-02-18 12:17:44.774597,2636,2659,like
1553,2014-02-18 15:54:22.734125,223,2865,bought
1554,2014-02-19 05:07:45.292487,2739,19,bought
1555,2014-02-19 07:36:51.932108,1873,564,bought
1556,2014-02-19 07:57:39.639044,522,2155,like
1557,2014-02-19 08:07:38.937826,2803,562,like
1558,2014-02-19 08:08:20.301243,1230,1498,share
1559,2014-02-19 10:17:38.133220,15,2086,like
1560,2014-02-19 11:11:55.106979,581,98,bought
1561,2014-02-19 18:00:18.759735,3318,2637,nothing
1562,2014-02-19 19:20:53.871761,1913,2480,share
1563,2014-02-19 21:15:02.546139,1500,2608,share
1564,2014-02-19 23:40:37.914189,174,1800,like
1565,2014-02-20 00:13:20.485602,1900,3118,like
1566,2014-02-20 00:56:31.990142,724,1589,bought
1567,2014-02-20 04:13:30.332257,1253,2321,bought
1568,2014-02-20 12:33:34.750340,131,1194,share
1569,2014-02-20 12:58:12.456550,2621,2301,like
1570,2014-02-20 15:17:30.747501,1300,2127,share
1571,2014-02-20 16:00:13.356644,1021,249,like
1572,2014-02-20 17:53:13.026300,3211,2612,like
1573,2014-02-20 18:09:15.547146,396,1863,nothing
1574,2014-02-20 21:14:51.322327,2446,952,bought
1575,2014-02-21 00:47:02.026212,3076,1497,nothing
1576,2014-02-21 13:39:12.579219,1222,15,share
1577,2014-02-21 16:00:25.647051,837,228,nothing
1578,2014-02-21 22:34:16.793612,1153,2873,nothing
1579,2014-02-21 23:49:32.806091,1447,3479,nothing
1580,2014-02-22 01:23:18.859246,1844,3118,like
1581,2014-02-22 07:04:11.294662,3087,1435,like
1582,2014-02-22 10:42:49.748044,90,2745,nothing
1583,2014-02-22 11:13:02.723912,2243,2507,nothing
1584,2014-02-22 12:01:51.197923,1516,2245,nothing
1585,2014-02-23 02:11:53.879162,591,2519,bought
1586,2014-02-23 07:00:06.834570,2576,2114,share
1587,2014-02-23 07:02:59.837446,1816,1366,bought
1588,2014-02-23 07:44:53.304144,2680,187,nothing
1589,2014-02-23 12:35:39.272413,3437,1064,nothing
1590,2014-02-23 13:17:45.529233,791,3344,share
1591,2014-02-23 21:09:15.559105,1914,2923,nothing
1592,2014-02-25 16:21:15.065904,89,788,like
1593,2014-02-25 20:50:19.533981,343,1191,bought
1594,2014-02-25 23:57:01.486122,2746,1340,like
1595,2014-02-26 03:47:56.124417,147,2830,like
1596,2014-02-26 04:48:32.360920,1728,2924,bought
1597,2014-02-26 04:56:54.121644,1849,2178,like
1598,2014-02-26 10:21:32.044970,3563,1331,nothing
1599,2014-02-26 12:27:30.711019,1264,2633,bought
1600,2014-02-26 14:23:24.450819,975,685,share
1601,2014-02-26 15:35:30.806562,760,2635,bought
1602,2014-02-27 04:27:55.826542,1460,949,like
1603,2014-02-27 06:22:25.747782,1735,2857,nothing
1604,2014-02-27 12:16:56.420110,2125,2637,bought
1605,2014-02-27 19:28:49.184263,899,2741,bought
1606,2014-02-27 20:01:13.424891,2791,2089,share
1607,2014-02-28 01:30:44.556558,477,2597,nothing
1608,2014-02-28 02:57:57.259596,2863,2529,share
1609,2014-02-28 03:01:35.571234,3613,1271,bought
1610,2014-02-28 04:24:12.568457,2439,2958,like
1611,2014-02-28 10:30:52.513189,2060,1661,like
1612,2014-02-28 16:17:37.500853,1247,2927,share
1613,2014-02-28 16:48:10.298518,2993,2796,bought
1614,2014-02-28 18:29:57.424006,1124,1835,like
1615,2014-02-28 20:40:40.766311,1479,688,share
1616,2014-02-28 20:52:36.860463,809,2283,share
1617,2014-02-28 21:56:24.159117,2055,2993,bought
1618,2014-03-01 09:05:13.696360,3577,3330,bought
1619,2014-03-01 16:55:11.131011,3118,1553,share
1620,2014-03-01 19:24:43.085609,2999,1046,bought
1621,2014-03-01 19:59:36.328427,2695,2922,nothing
1622,2014-03-01 19:59:41.285556,686,1657,share
1623,2014-03-01 20:23:03.318135,2674,794,bought
1624,2014-03-01 22:10:15.676715,1787,655,bought
1625,2014-03-01 23:28:24.722017,2193,1592,nothing
1626,2014-03-02 01:33:45.563330,891,3609,nothing
1627,2014-03-02 04:09:30.549204,158,867,like
1628,2014-03-02 04:38:29.726961,2275,2140,bought
1629,2014-03-02 06:00:41.169547,456,253,like
1630,2014-03-02 08:12:45.674057,3276,485,nothing
1631,2014-03-02 08:56:49.136277,855,2343,bought
1632,2014-03-02 10:38:34.279853,297,2359,nothing
1633,2014-03-02 11:29:52.462267,2017,1002,share
1634,2014-03-03 03:30:06.652028,426,1184,nothing
1635,2014-03-03 05:11:45.669172,298,1969,share
1636,2014-03-03 11:16:12.513790,794,1423,nothing
1637,2014-03-03 20:50:58.920230,2204,3636,like
1638,2014-03-03 23:02:34.816113,3444,288,nothing
1639,2014-03-04 00:17:10.702164,1516,886,nothing
1640,2014-03-04 01:29:15.390235,3038,3062,like
1641,2014-03-04 03:28:53.665380,562,2811,nothing
1642,2014-03-04 05:02:06.320238,2082,709,share
1643,2014-03-04 07:46:34.805585,3255,3354,nothing
1644,2014-03-04 07:54:22.012290,58,1149,nothing
1645,2014-03-04 08:36:37.155745,1013,2575,bought
1646,2014-03-04 11:55:58.551649,2079,1984,like
1647,2014-03-04 12:19:34.781856,1263,1136,share
1648,2014-03-04 19:45:40.823880,2451,1241,bought
1649,2014-03-05 00:29:42.271999,3287,264,bought
1650,2014-03-05 02:20:24.174842,2386,3427,share
1651,2014-03-05 05:15:02.089378,775,871,like
1652,2014-03-05 05:31:40.279761,1661,2814,like
1653,2014-03-05 09:56:46.270730,1358,1485,share
1654,2014-03-05 11:55:40.792338,1345,1104,bought
1655,2014-03-05 14:12:43.769275,554,1345,nothing
1656,2014-03-05 15:39:01.885894,106,665,bought
1657,2014-03-05 15:54:02.761831,2061,3473,bought
1658,2014-03-05 20:39:06.784737,3125,2657,like
1659,2014-03-05 22:14:35.456938,1666,1070,like
1660,2014-03-06 03:10:14.417772,2468,1,nothing
1661,2014-03-06 07:36:36.273723,2532,1327,nothing
1662,2014-03-06 07:38:50.151817,2650,1687,nothing
1663,2014-03-06 16:27:49.590637,3236,2241,nothing
1664,2014-03-06 19:12:16.705600,1357,757,like
1665,2014-03-07 11:00:26.249815,437,3283,bought
1666,2014-03-07 12:49:15.353905,3512,2343,nothing
1667,2014-03-07 14:35:43.461464,3170,3600,bought
1668,2014-03-07 22:01:34.491592,2894,1362,bought
1669,2014-03-07 22:05:06.316786,53,2005,share
1670,2014-03-08 05:48:34.537167,1560,2678,bought
1671,2014-03-08 07:21:07.308366,2525,3372,like
1672,2014-03-08 14:57:36.049304,3057,2785,bought
1673,2014-03-09 19:38:10.689993,3384,909,nothing
1674,2014-03-09 23:56:09.121644,3235,579,like
1675,2014-03-10 02:09:04.655107,3319,687,bought
1676,2014-03-10 03:20:46.489591,2411,3725,share
1677,2014-03-10 06:49:49.618794,3514,463,share
1678,2014-03-10 10:51:25.665015,2644,2159,share
1679,2014-03-10 16:20:43.355055,1370,3387,nothing
1680,2014-03-10 16:33:07.380252,3504,281,nothing
1681,2014-03-10 18:43:32.138893,176,2241,like
1682,2014-03-10 22:12:35.587964,1649,1327,nothing
1683,2014-03-10 23:21:34.150176,3600,1962,nothing
1684,2014-03-11 01:46:11.106111,996,1431,nothing
1685,2014-03-11 03:58:56.037124,3240,1188,share
1686,2014-03-11 07:51:22.389022,100,524,like
1687,2014-03-11 07:54:39.254780,3229,2421,nothing
1688,2014-03-11 08:06:08.782829,2419,1632,like
1689,2014-03-11 10:11:37.699949,1183,2837,like
1690,2014-03-11 15:33:13.870388,1395,1303,nothing
1691,2014-03-11 16:36:54.505785,2372,2175,like
1692,2014-03-11 18:19:20.838534,1011,636,bought
1693,2014-03-11 18:27:15.559343,2059,333,nothing
1694,2014-03-12 03:06:58.886888,3663,1361,nothing
1695,2014-03-12 03:21:24.819155,2774,3309,bought
1696,2014-03-12 04:47:37.874552,3298,1886,like
1697,2014-03-12 08:02:38.969152,1776,743,bought
1698,2014-03-12 08:35:00.567608,2741,72,like
1699,2014-03-12 13:15:51.990671,1918,166,bought
1700,2014-03-12 13:50:09.871207,796,3569,share
1701,2014-03-12 14:55:32.665622,2400,460,share
1702,2014-03-12 14:58:23.251286,2056,3279,like
1703,2014-03-12 15:33:01.352758,3694,3179,share
1704,2014-03-12 17:27:06.649836,645,589,bought
1705,2014-03-12 22:07:15.521130,3819,1068,share
1706,2014-03-12 23:17:30.367959,3386,3159,nothing
1707,2014-03-13 02:23:45.454777,221,1072,bought
1708,2014-03-13 06:07:32.087015,403,3379,like
1709,2014-03-13 06:20:31.215867,1002,1473,nothing
1710,2014-03-13 12:03:36.234875,2638,484,like
1711,2014-03-13 13:22:34.448395,2560,2583,bought
1712,2014-03-13 13:30:42.099756,251,775,nothing
1713,2014-03-13 17:52:56.069336,2439,142,like
1714,2014-03-13 18:33:58.057493,2702,1072,nothing
1715,2014-03-13 19:15:41.231424,3776,1165,share
1716,2014-03-14 06:56:12.954744,531,3216,bought
1717,2014-03-14 12:45:05.829595,2918,3654,like
1718,2014-03-15 00:32:28.892399,2488,2215,nothing
1719,2014-03-15 03:34:50.442572,1676,278,bought
1720,2014-03-16 05:45:02.513756,1633,3734,share
1721,2014-03-16 05:57:51.023383,1346,2380,nothing
1722,2014-03-16 17:36:42.806508,1542,2406,like
1723,2014-03-16 20:36:25.740905,1391,682,bought
1724,2014-03-17 05:20:09.955652,2328,3472,share
1725,2014-03-17 08:07:56.930821,3346,3215,bought
1726,2014-03-17 12:52:23.195769,1016,3345,bought
1727,2014-03-17 14:01:51.068416,1969,2319,share
1728,2014-03-17 17:35:04.271054,1061,1399,nothing
1729,2014-03-17 17:48:18.183659,3429,601,like
1730,2014-03-17 18:06:51.303604,419,1368,share
1731,2014-03-17 19:01:46.469354,2801,3374,bought
1732,2014-03-17 21:05:18.217500,1571,1380,bought
1733,2014-03-17 21:37:59.952407,3212,3345,bought
1734,2014-03-17 21:50:18.246896,1349,3709,like
1735,2014-03-17 22:04:27.539439,2370,1461,like
1736,2014-03-19 05:31:15.473823,1106,3175,share
1737,2014-03-19 22:39:48.353092,683,1482,nothing
1738,2014-03-20 03:37:48.596252,1057,2008,share
1739,2014-03-20 17:31:41.415786,636,3958,share
1740,2014-03-21 00:07:01.286735,4062,3770,bought
1741,2014-03-21 00:22:42.803554,3816,2609,like
1742,2014-03-21 01:34:50.556586,3362,3129,like
1743,2014-03-21 04:45:12.498370,241,1714,bought
1744,2014-03-21 06:45:53.104897,894,747,bought
1745,2014-03-21 09:35:07.490939,3575,2939,bought
1746,2014-03-21 12:27:43.052959,357,2814,like
1747,2014-03-21 12:53:51.571546,1123,3840,like
1748,2014-03-21 18:03:34.346789,1306,3999,nothing
1749,2014-03-21 19:28:07.269059,2825,3691,bought
1750,2014-03-21 21:13:29.478330,1158,889,nothing
1751,2014-03-22 00:07:41.466020,1329,3189,bought
1752,2014-03-22 00:31:46.061592,919,3832,nothing
1753,2014-03-22 05:06:41.210789,2811,2530,nothing
1754,2014-03-22 06:39:16.614700,2940,1361,nothing
1755,2014-03-22 10:55:38.723019,1633,416,share
1756,2014-03-22 12:07:57.250231,1445,918,like
1757,2014-03-22 12:31:53.237358,3255,3825,nothing
1758,2014-03-22 16:30:08.188194,1454,3332,nothing
1759,2014-03-22 20:40:56.169179,1388,153,nothing
1760,2014-03-22 23:37:25.499261,313,5,bought
1761,2014-03-23 04:32:26.845224,2991,2169,bought
1762,2014-03-23 07:41:31.995829,3848,1040,like
1763,2014-03-23 22:22:35.267299,3511,2230,bought
1764,2014-03-24 06:23:15.467922,3336,2070,share
1765,2014-03-24 18:34:31.097873,3537,1854,share
1766,2014-03-25 07:51:43.518298,306,3921,like
1767,2014-03-25 10:23:18.958076,3891,953,like
1768,2014-03-25 13:22:13.720217,3390,1537,bought
1769,2014-03-25 21:16:17.572884,2611,2913,bought
1770,2014-03-25 21:44:30.741137,3325,4059,share
1771,2014-03-25 22:58:22.778820,3686,1852,nothing
1772,2014-03-26 00:46:36.657104,1464,238,nothing
1773,2014-03-26 01:20:50.871859,1783,2326,share
1774,2014-03-26 04:17:46.315756,432,2647,bought
1775,2014-03-26 07:53:37.707357,264,3493,like
1776,2014-03-26 10:05:44.439148,1262,3262,bought
1777,2014-03-26 14:34:05.467360,929,1364,nothing
1778,2014-03-26 15:37:56.181394,562,1924,nothing
1779,2014-03-26 18:50:35.670150,1843,1651,nothing
1780,2014-03-26 21:42:13.061328,2679,540,like
1781,2014-03-27 04:34:15.750889,2801,2478,bought
1782,2014-03-27 08:04:47.605233,2456,131,nothing
1783,2014-03-27 09:45:15.281634,1578,968,bought
1784,2014-03-27 10:28:18.299656,3930,33,bought
1785,2014-03-27 20:45:45.656295,3386,1912,nothing
1786,2014-03-28 03:51:09.221918,3876,467,bought
1787,2014-03-28 06:43:01.980699,2563,3525,like
1788,2014-03-28 13:10:23.431811,75,2221,nothing
1789,2014-03-28 13:10:25.236095,3442,3366,bought
1790,2014-03-28 20:29:41.831668,3408,438,like
1791,2014-03-28 22:55:33.249399,146,3708,share
1792,2014-03-29 04:52:24.276745,886,2003,share
1793,2014-03-29 11:54:17.129609,4077,1737,nothing
1794,2014-03-29 21:26:00.943488,3031,2864,share
1795,2014-03-29 22:23:10.155884,1460,413,like
1796,2014-03-29 22:31:01.262943,139,2206,bought
1797,2014-03-29 23:28:11.973110,700,4014,like
1798,2014-03-30 01:39:30.153458,144,3401,nothing
1799,2014-03-30 23:08:41.044441,2963,1530,bought
1800,2014-03-30 23:37:56.170485,3187,335,share
1801,2014-03-31 02:32:10.238904,1249,1719,like
1802,2014-03-31 04:17:48.196914,3386,2776,nothing
1803,2014-03-31 09:15:38.446488,1936,504,bought
1804,2014-03-31 10:00:39.771487,3838,1592,nothing
1805,2014-03-31 15:16:42.518176,2546,963,like
1806,2014-03-31 19:44:12.496504,3978,1236,like
1807,2014-03-31 20:02:29.796400,3639,505,bought
1808,2014-03-31 21:00:17.758123,141,694,share
1809,2014-04-01 04:08:21.647908,34,3515,like
1810,2014-04-01 05:24:15.105916,459,592,nothing
1811,2014-04-01 10:43:07.498344,1278,639,share
1812,2014-04-01 12:01:05.448197,3776,2327,share
1813,2014-04-01 16:18:35.325168,2930,1045,nothing
1814,2014-04-01 16:36:52.539641,1984,919,share
1815,2014-04-01 18:24:31.031159,1133,2118,like
1816,2014-04-02 01:17:41.708575,2478,2303,share
1817,2014-04-02 10:33:41.531473,3838,2522,nothing
1818,2014-04-02 12:19:45.743725,2023,1657,like
1819,2014-04-02 13:21:28.438556,2726,1076,like
1820,2014-04-02 22:42:41.754462,425,3370,share
1821,2014-04-03 01:11:54.258411,1439,2320,bought
1822,2014-04-03 01:19:02.506606,3627,2709,bought
1823,2014-04-03 04:31:58.811287,3807,543,nothing
1824,2014-04-03 13:28:38.788559,4407,310,bought
1825,2014-04-03 15:14:39.150634,1911,4281,share
1826,2014-04-03 15:39:40.051918,2625,3369,bought
1827,2014-04-03 16:43:22.345750,223,2291,bought
1828,2014-04-03 23:32:50.034126,4260,2538,share
1829,2014-04-04 07:58:51.081651,2454,1952,share
1830,2014-04-04 08:29:18.014641,2984,1919,share
1831,2014-04-04 08:38:02.459960,1302,1488,share
1832,2014-04-04 18:17:29.506956,1458,3856,bought
1833,2014-04-04 19:32:35.638816,1578,3,bought
1834,2014-04-04 23:38:19.339715,2349,3154,nothing
1835,2014-04-05 01:05:04.543157,4461,3874,bought
1836,2014-04-05 01:25:05.958303,2069,2347,bought
1837,2014-04-05 04:59:30.360999,74,2013,share
1838,2014-04-05 05:25:42.782173,1055,2092,like
1839,2014-04-05 06:41:30.826880,1662,550,bought
1840,2014-04-05 08:35:12.066922,2214,209,share
1841,2014-04-05 11:37:58.151744,4070,2290,nothing
1842,2014-04-05 18:26:18.673387,1847,919,share
1843,2014-04-05 21:05:29.125582,2789,1715,nothing
1844,2014-04-05 21:49:00.518853,385,3676,bought
1845,2014-04-05 23:16:56.525083,2820,4037,like
1846,2014-04-06 00:17:23.533994,2193,959,nothing
1847,2014-04-06 02:38:28.849040,3718,30,like
1848,2014-04-06 04:13:14.504762,978,3976,nothing
1849,2014-04-06 08:17:53.425874,1508,2139,bought
1850,2014-04-06 09:00:32.438347,120,382,like
1851,2014-04-06 09:10:00.022234,4324,3565,nothing
1852,2014-04-06 09:27:06.904623,3354,812,share
1853,2014-04-06 10:44:55.294779,2716,2816,bought
1854,2014-04-06 11:07:33.830380,3182,337,nothing
1855,2014-04-06 16:18:59.886408,1659,2431,like
1856,2014-04-06 17:47:25.472410,4472,2132,bought
1857,2014-04-06 18:45:09.852453,1967,3985,like
1858,2014-04-06 22:05:42.778154,1204,76,nothing
1859,2014-04-06 23:22:51.340259,4068,996,share
1860,2014-04-07 00:20:55.721360,98,3892,nothing
1861,2014-04-07 04:44:56.205472,96,2079,nothing
1862,2014-04-07 05:22:11.143306,1195,2433,share
1863,2014-04-07 05:34:31.148719,3834,2434,bought
1864,2014-04-07 06:15:57.517285,2373,950,like
1865,2014-04-07 10:01:58.794138,2736,413,bought
1866,2014-04-07 10:57:18.331504,3497,173,bought
1867,2014-04-07 13:32:14.774800,1625,1731,bought
1868,2014-04-07 16:15:56.545301,4233,3122,share
1869,2014-04-08 02:39:32.834274,4151,4031,bought
1870,2014-04-08 06:42:20.220141,286,113,like
1871,2014-04-08 10:41:36.536786,279,2904,nothing
1872,2014-04-08 12:42:31.633719,2569,4173,like
1873,2014-04-08 13:10:40.031383,3078,874,share
1874,2014-04-08 18:37:50.410076,2040,119,bought
1875,2014-04-08 19:09:32.980673,3971,1736,share
1876,2014-04-08 20:51:33.804099,3985,3994,like
1877,2014-04-09 06:04:46.531248,403,400,like
1878,2014-04-09 08:46:34.237353,2247,3330,like
1879,2014-04-09 11:18:15.144438,881,928,share
1880,2014-04-09 14:06:37.712441,3048,455,share
1881,2014-04-10 04:40:28.384909,3038,2304,like
1882,2014-04-10 06:57:50.634270,3571,2746,nothing
1883,2014-04-10 07:20:17.048443,564,1953,like
1884,2014-04-10 08:54:53.158716,2449,2341,like
1885,2014-04-10 09:31:53.442787,1024,1722,bought
1886,2014-04-10 11:22:24.202576,773,1683,share
1887,2014-04-10 14:01:16.245853,776,1127,like
1888,2014-04-10 14:21:36.881469,2581,4051,bought
1889,2014-04-10 14:46:54.220487,1396,2463,like
1890,2014-04-10 14:50:54.222431,2044,204,share
1891,2014-04-10 17:36:38.151840,4705,198,share
1892,2014-04-10 22:17:50.434552,2320,2979,bought
1893,2014-04-10 22:48:19.779506,666,3138,like
1894,2014-04-11 00:36:42.100768,3449,662,like
1895,2014-04-11 02:56:51.249570,1660,3713,share
1896,2014-04-11 03:44:45.509698,2098,4126,like
1897,2014-04-11 07:39:19.105302,618,3450,nothing
1898,2014-04-11 08:22:02.475195,472,3433,like
1899,2014-04-11 15:41:46.791398,286,647,like
1900,2014-04-11 16:53:19.731942,184,3867,share
1901,2014-04-11 18:48:37.642423,1636,935,like
1902,2014-04-11 20:04:27.723882,1422,3048,nothing
1903,2014-04-12 01:03:17.617430,2194,170,share
1904,2014-04-12 02:11:50.328579,704,2791,bought
1905,2014-04-12 06:06:50.988159,479,360,share
1906,2014-04-12 06:36:04.416646,2285,1202,bought
1907,2014-04-12 07:22:07.645900,3159,1210,bought
1908,2014-04-12 11:44:47.195649,2124,589,like
1909,2014-04-12 20:52:35.339857,646,2447,share
1910,2014-04-13 01:24:41.166723,1583,1244,nothing
1911,2014-04-13 02:42:23.384237,3661,2842,nothing
1912,2014-04-13 02:46:01.045412,4657,2054,like
1913,2014-04-13 03:57:53.901352,4228,2602,like
1914,2014-04-13 04:04:33.155308,2878,3032,share
1915,2014-04-13 06:11:03.238855,3131,4594,bought
1916,2014-04-13 06:27:04.302366,3173,745,like
1917,2014-04-13 07:19:11.590169,2895,4573,nothing
1918,2014-04-13 07:19:22.834126,4232,3111,nothing
1919,2014-04-13 11:44:25.307633,2997,4537,share
1920,2014-04-13 14:01:22.671224,2465,3908,bought
1921,2014-04-13 15:39:57.863919,2164,4197,share
1922,2014-04-13 16:30:56.651192,1060,4586,bought
1923,2014-04-13 19:14:58.264999,3128,134,share
1924,2014-04-15 01:58:56.636730,3569,1725,share
1925,2014-04-15 04:57:56.100027,1761,1319,share
1926,2014-04-15 07:31:10.900586,4060,1127,share
1927,2014-04-15 08:46:22.258573,127,1851,like
1928,2014-04-15 15:38:15.659456,10,2074,share
1929,2014-04-15 23:29:15.286051,1965,3773,bought
1930,2014-04-16 01:38:19.939644,1740,775,share
1931,2014-04-16 04:46:24.399240,249,3301,like
1932,2014-04-16 10:35:41.733445,3246,517,nothing
1933,2014-04-16 11:42:44.913529,531,2445,bought
1934,2014-04-16 16:49:40.302881,1941,476,share
1935,2014-04-16 20:44:02.718397,353,4017,bought
1936,2014-04-17 02:25:46.076930,1623,3227,share
1937,2014-04-17 02:45:05.853154,3719,3133,nothing
1938,2014-04-17 05:22:27.894120,1294,2745,nothing
1939,2014-04-17 10:58:55.884815,3299,3698,nothing
1940,2014-04-17 13:56:57.302982,2300,3647,bought
1941,2014-04-17 15:49:51.030313,3856,2541,share
1942,2014-04-17 18:27:28.457219,2187,2159,like
1943,2014-04-17 21:25:04.480982,553,3971,bought
1944,2014-04-17 23:59:11.225360,3299,4385,nothing
1945,2014-04-18 00:12:33.970044,2212,2703,like
1946,2014-04-18 02:07:00.902916,2553,4424,like
1947,2014-04-18 04:38:20.053494,2902,4663,share
1948,2014-04-18 16:27:48.216752,1739,55,share
1949,2014-04-19 01:27:22.707390,1202,2156,share
1950,2014-04-19 02:15:13.013070,2333,1581,like
1951,2014-04-19 11:50:19.728835,2593,774,nothing
1952,2014-04-19 19:49:27.696485,2034,1400,bought
1953,2014-04-19 20:28:35.951251,2197,639,like
1954,2014-04-20 00:28:56.990117,599,2452,nothing
1955,2014-04-20 00:52:43.897616,606,2739,bought
1956,2014-04-20 02:11:15.520084,3458,1704,like
1957,2014-04-20 02:46:21.098460,3870,3853,share
1958,2014-04-20 05:08:17.344231,3715,4116,share
1959,2014-04-20 05:59:16.473391,4019,3435,bought
1960,2014-04-20 07:15:34.774138,15,460,like
1961,2014-04-20 08:06:34.791891,1856,3190,share
1962,2014-04-20 10:58:33.339102,3095,3345,share
1963,2014-04-20 13:31:07.912670,3062,4677,bought
1964,2014-04-20 13:42:34.300801,3176,2838,bought
1965,2014-04-20 13:45:01.401338,1251,26,bought
1966,2014-04-20 13:51:37.318427,4337,3101,nothing
1967,2014-04-20 17:56:12.093038,1370,1462,nothing
1968,2014-04-21 04:55:20.780260,1810,4790,nothing
1969,2014-04-21 05:55:17.238198,4251,2535,nothing
1970,2014-04-21 09:11:34.016511,542,831,share
1971,2014-04-21 09:17:49.653919,3542,4785,bought
1972,2014-04-21 10:26:32.242274,1465,4577,bought
1973,2014-04-21 10:55:27.775326,4520,2208,share
1974,2014-04-21 12:22:07.939303,4714,4473,nothing
1975,2014-04-21 13:54:52.076617,745,1386,nothing
1976,2014-04-21 15:00:53.147476,2794,1930,share
1977,2014-04-22 00:09:02.901891,3343,1859,share
1978,2014-04-22 02:38:59.914586,4875,2509,bought
1979,2014-04-22 02:47:55.750386,3686,2635,nothing
1980,2014-04-22 08:25:19.338095,578,3204,like
1981,2014-04-22 13:09:10.653903,145,679,nothing
1982,2014-04-22 16:17:48.105752,1211,60,nothing
1983,2014-04-22 18:31:03.342686,2361,2540,like
1984,2014-04-22 19:02:46.571341,3749,3080,bought
1985,2014-04-23 19:47:37.414238,1813,674,share
1986,2014-04-23 23:02:59.451646,696,3854,bought
1987,2014-04-23 23:51:21.818676,3882,3286,share
1988,2014-04-24 05:25:03.922997,3866,4875,share
1989,2014-04-24 08:58:12.716343,3252,1129,like
1990,2014-04-24 10:21:23.845090,3598,1906,nothing
1991,2014-04-24 12:18:02.096617,1726,4378,bought
1992,2014-04-24 12:46:24.335515,4543,3385,share
1993,2014-04-24 13:06:52.314860,3710,3939,bought
1994,2014-04-24 14:04:19.723996,1522,4746,share
1995,2014-04-24 16:38:48.881606,1029,2242,bought
1996,2014-04-24 17:53:38.505806,1700,3881,like
1997,2014-04-24 20:20:03.739520,3379,879,nothing
1998,2014-04-25 01:45:15.133575,4352,3438,bought
1999,2014-04-25 07:33:03.059873,4283,4497,bought
2000,2014-04-25 11:00:26.253753,3973,4425,like
2001,2014-04-25 14:33:39.319591,1319,768,like
2002,2014-04-25 17:52:44.510662,2677,3058,like
2003,2014-04-25 18:40:13.765199,450,2390,like
2004,2014-04-25 18:55:52.165532,4512,1474,share
